"ID","product","time","user","aspect","norm_asp","polarity","norm_pol","sarst","entities","op_hol"
"1.1.1","Nikon Coolpix 4300","2024-05-04T17:37:58.204Z","User-eHIJy","camera","camera","positive","1","AFFECTIVE-REACTION","amateur","Author"
"1.2.1","Nikon Coolpix 4300","2024-05-04T17:37:58.204Z","User-eHIJy","pictures","pictures","positive","1","STATEMENT","","Author"
"1.2.2","Nikon Coolpix 4300","2024-05-04T17:37:58.204Z","User-eHIJy","macro","macro","positive","1","STATEMENT","","Author"
"1.3.1","Nikon Coolpix 4300","2024-05-04T17:37:58.204Z","User-eHIJy","size","size","positive","1","AFFECTIVE-REACTION","","Author"
"1.4.1","Nikon Coolpix 4300","2024-05-04T17:37:58.204Z","User-eHIJy","weight","weight","positive","1","AFFECTIVE-REACTION","day","Author"
"1.5.1","Nikon Coolpix 4300","2024-05-04T17:37:58.204Z","User-eHIJy","feature","feature","positive","1","AFFECTIVE-REACTION","features","Author"
"1.6.1","Nikon Coolpix 4300","2024-05-04T17:37:58.204Z","User-eHIJy","manual","manual","positive","1","AFFECTIVE-REACTION","manual","Author"
"1.7.1","Nikon Coolpix 4300","2024-05-04T17:37:58.204Z","User-eHIJy","auto-focus","auto focus","neutral","0","STATEMENT","","Author"
"1.7.2","Nikon Coolpix 4300","2024-05-04T17:37:58.204Z","User-eHIJy","scene modes","scene modes","positive","1","SENTIMENT","","Author"
"1.8.1","Nikon Coolpix 4300","2024-05-04T17:37:58.204Z","User-eHIJy","rechargeable battery","battery","positive","1","AFFECTIVE-REACTION","","Author"
"1.9.1","Nikon Coolpix 4300","2024-05-04T17:37:58.204Z","User-eHIJy","memory card","memory card","neutral","0","STATEMENT","","Author"
"1.9.2","Nikon Coolpix 4300","2024-05-04T17:37:58.204Z","User-eHIJy","battery","battery","positive","1","STATEMENT","","Author"
"1.10.1","Nikon Coolpix 4300","2024-05-04T17:37:58.204Z","User-eHIJy","camera","camera","positive","1","AFFECTIVE-REACTION","camera","Author"
"2.1.1","Nikon Coolpix 4300","2024-05-03T19:41:43.596Z","User-kdtxb","camera","camera","neutral","0","STATEMENT","","Author"
"2.1.2","Nikon Coolpix 4300","2024-05-03T19:41:43.596Z","User-kdtxb","experience","experience","neutral","0","STATEMENT","","Author"
"2.1.3","Nikon Coolpix 4300","2024-05-03T19:41:43.596Z","User-kdtxb","level","level","neutral","0","STATEMENT","","Author"
"2.2.1","Nikon Coolpix 4300","2024-05-03T19:41:43.596Z","User-kdtxb","camera","camera","neutral","0","STATEMENT","production","Author"
"2.2.2","Nikon Coolpix 4300","2024-05-03T19:41:43.596Z","User-kdtxb","budget","price","neutral","0","STATEMENT","production","Author"
"2.2.3","Nikon Coolpix 4300","2024-05-03T19:41:43.596Z","User-kdtxb","reviews","reviews","positive","1","STATEMENT","production","Author"
"2.3.1","Nikon Coolpix 4300","2024-05-03T19:41:43.596Z","User-kdtxb","camera","camera","positive","1","AFFECTIVE-REACTION","","Author"
"2.3.2","Nikon Coolpix 4300","2024-05-03T19:41:43.596Z","User-kdtxb","use","usability","positive","1","AFFECTIVE-REACTION","","Author"
"2.3.3","Nikon Coolpix 4300","2024-05-03T19:41:43.596Z","User-kdtxb","feature","feature","positive","1","AFFECTIVE-REACTION","","Author"
"2.4.1","Nikon Coolpix 4300","2024-05-03T19:41:43.596Z","User-kdtxb","auto mode","auto mode","neutral","0","STATEMENT","scene","Author"
"2.4.2","Nikon Coolpix 4300","2024-05-03T19:41:43.596Z","User-kdtxb","scene mode","scene mode","positive","1","AFFECTIVE-REACTION","scene","Author"
"2.5.1","Nikon Coolpix 4300","2024-05-03T19:41:43.596Z","User-kdtxb","manual mode","manual mode","positive","1","AFFECTIVE-REACTION","mode","Author"
"2.5.2","Nikon Coolpix 4300","2024-05-03T19:41:43.596Z","User-kdtxb","experience","experience","positive","1","STATEMENT","mode","Author"
"2.6.1","Nikon Coolpix 4300","2024-05-03T19:41:43.596Z","User-kdtxb","macro mode","macro mode","negative","-1","AFFECTIVE-REACTION","","Author"
"2.6.2","Nikon Coolpix 4300","2024-05-03T19:41:43.596Z","User-kdtxb","picture quality","pictures","neutral","0","STATEMENT","","Author"
"2.6.3","Nikon Coolpix 4300","2024-05-03T19:41:43.596Z","User-kdtxb","lens","lens","positive","1","AFFECTIVE-REACTION","","Author"
"2.7.1","Nikon Coolpix 4300","2024-05-03T19:41:43.596Z","User-kdtxb","battery life","battery","positive","1","AFFECTIVE-REACTION","","Author"
"2.7.2","Nikon Coolpix 4300","2024-05-03T19:41:43.596Z","User-kdtxb","usage","usage","neutral","0","STATEMENT","","Author"
"2.7.3","Nikon Coolpix 4300","2024-05-03T19:41:43.596Z","User-kdtxb","usage","usage","positive","1","STATEMENT","","Author"
"2.8.1","Nikon Coolpix 4300","2024-05-03T19:41:43.596Z","User-kdtxb","memory card","memory card","negative","-1","STATEMENT","images, mode","Author"
"2.8.2","Nikon Coolpix 4300","2024-05-03T19:41:43.596Z","User-kdtxb","storage capacity","storage capacity","positive","1","AFFECTIVE-REACTION","images, mode","Author"
"2.8.3","Nikon Coolpix 4300","2024-05-03T19:41:43.596Z","User-kdtxb","intention","intention","positive","1","AFFECTIVE-REACTION","images, mode","Author"
"3.1.1","Nikon Coolpix 4300","2024-05-26T07:10:39.056Z","User-Xy0b3","other","other","positive","1","SENTIMENT","","Author"
"3.2.1","Nikon Coolpix 4300","2024-05-26T07:10:39.056Z","User-Xy0b3","other","other","neutral","0","STATEMENT","","Author"
"3.3.1","Nikon Coolpix 4300","2024-05-26T07:10:39.056Z","User-Xy0b3","nikon coolpix 4300","camera","positive","1","STATEMENT","","Author"
"3.4.1","Nikon Coolpix 4300","2024-05-26T07:10:39.056Z","User-Xy0b3","camera","camera","positive","1","SENTIMENT","camera","Author"
"3.4.2","Nikon Coolpix 4300","2024-05-26T07:10:39.056Z","User-Xy0b3","use","usability","positive","1","AFFECTIVE-REACTION","camera","Author"
"3.5.1","Nikon Coolpix 4300","2024-05-26T07:10:39.056Z","User-Xy0b3","features","features","positive","1","STATEMENT","tune","Others"
"3.6.1","Nikon Coolpix 4300","2024-05-26T07:10:39.056Z","User-Xy0b3","camera","camera","positive","1","AFFECTIVE-REACTION","power, dollars, people","Author"
"4.1.1","Nikon Coolpix 4300","2024-05-19T01:55:08.808Z","User-A5omk","nikon coolpix 4300","camera","neutral","0","STATEMENT","","Author"
"4.2.1","Nikon Coolpix 4300","2024-05-19T01:55:08.808Z","User-A5omk","other","other","neutral","0","STATEMENT","","Author"
"4.3.1","Nikon Coolpix 4300","2024-05-19T01:55:08.808Z","User-A5omk","other","other","neutral","0","STATEMENT","","Author"
"4.4.1","Nikon Coolpix 4300","2024-05-19T01:55:08.808Z","User-A5omk","price","price","neutral","0","STATEMENT","","Author"
"4.5.1","Nikon Coolpix 4300","2024-05-19T01:55:08.808Z","User-A5omk","other","other","positive","1","AFFECTIVE-REACTION","canon","Author"
"4.6.1","Nikon Coolpix 4300","2024-05-19T01:55:08.808Z","User-A5omk","picture quality","pictures","positive","1","AFFECTIVE-REACTION","","Author"
"4.7.1","Nikon Coolpix 4300","2024-05-19T01:55:08.808Z","User-A5omk","transfer","transfer","negative","-1","AFFECTIVE-REACTION","","Author"
"4.8.1","Nikon Coolpix 4300","2024-05-19T01:55:08.808Z","User-A5omk","card reader","card reader","negative","-1","SENTIMENT","days","Author"
"4.9.1","Nikon Coolpix 4300","2024-05-19T01:55:08.808Z","User-A5omk","card reader","card reader","positive","1","STATEMENT","","Author"
"4.10.1","Nikon Coolpix 4300","2024-05-19T01:55:08.808Z","User-A5omk","speed","speed","negative","-1","STATEMENT","","Author"
"4.11.1","Nikon Coolpix 4300","2024-05-19T01:55:08.808Z","User-A5omk","memory chip","memory card","negative","-1","STATEMENT","battery","Author"
"4.12.1","Nikon Coolpix 4300","2024-05-19T01:55:08.808Z","User-A5omk","memory card","memory card","positive","1","STATEMENT","nothing, lexar","Author"
"4.13.1","Nikon Coolpix 4300","2024-05-19T01:55:08.808Z","User-A5omk","battery","battery","negative","-1","STATEMENT","battery","Author"
"5.1.1","Nikon Coolpix 4300","2024-05-22T16:46:18.198Z","User-6bFxo","camera","camera","positive","1","STATEMENT","","Author"
"5.2.1","Nikon Coolpix 4300","2024-05-22T16:46:18.198Z","User-6bFxo","camera","camera","negative","-1","STATEMENT","","Author"
"5.3.1","Nikon Coolpix 4300","2024-05-22T16:46:18.198Z","User-6bFxo","auto mode","auto mode","negative","-1","STATEMENT","","Author"
"5.4.1","Nikon Coolpix 4300","2024-05-22T16:46:18.198Z","User-6bFxo","autofocussing","auto focus","negative","-1","STATEMENT","","Author"
"5.5.1","Nikon Coolpix 4300","2024-05-22T16:46:18.198Z","User-6bFxo","date; time","date; time","negative","-1","STATEMENT","date","Others"
"5.6.1","Nikon Coolpix 4300","2024-05-22T16:46:18.198Z","User-6bFxo","date; time","date; time","negative","-1","STATEMENT","software","Others"
"5.7.1","Nikon Coolpix 4300","2024-05-22T16:46:18.198Z","User-6bFxo","date; time","date; time","negative","-1","STATEMENT","","Author"
"5.8.1","Nikon Coolpix 4300","2024-05-22T16:46:18.198Z","User-6bFxo","image quality","pictures","negative","-1","AFFECTIVE-REACTION","image, shakes","Author"
"5.9.1","Nikon Coolpix 4300","2024-05-22T16:46:18.198Z","User-6bFxo","indoor image","indoor image","negative","-1","STATEMENT","","Author"
"5.10.1","Nikon Coolpix 4300","2024-05-22T16:46:18.198Z","User-6bFxo","flash","flash","negative","-1","STATEMENT","","Others"
"5.11.1","Nikon Coolpix 4300","2024-05-22T16:46:18.198Z","User-6bFxo","lens cap","lens","negative","-1","AFFECTIVE-REACTION","cap","Author"
"5.12.1","Nikon Coolpix 4300","2024-05-22T16:46:18.198Z","User-6bFxo","memory card","memory card","negative","-1","STATEMENT","","Author"
"5.13.1","Nikon Coolpix 4300","2024-05-22T16:46:18.198Z","User-6bFxo","picture quality","pictures","neutral","0","STATEMENT","","Author"
"5.14.1","Nikon Coolpix 4300","2024-05-22T16:46:18.198Z","User-6bFxo","movie clips","movie clips","negative","-1","AFFECTIVE-REACTION","","Author"
"5.15.1","Nikon Coolpix 4300","2024-05-22T16:46:18.198Z","User-6bFxo","camera","camera","positive","1","AFFECTIVE-REACTION","shooting","Author"
"5.15.2","Nikon Coolpix 4300","2024-05-22T16:46:18.198Z","User-6bFxo","picture","pictures","positive","1","AFFECTIVE-REACTION","shooting","Author"
"5.16.1","Nikon Coolpix 4300","2024-05-22T16:46:18.198Z","User-6bFxo","picture quality","pictures","positive","1","STATEMENT","","Author"
"6.1.1","Nikon Coolpix 4300","2024-05-26T18:46:29.583Z","User-yyzXY","menu dial knob","menu","negative","-1","STATEMENT","menu","Author"
"6.2.1","Nikon Coolpix 4300","2024-05-26T18:46:29.583Z","User-yyzXY","menu dial knob","menu","negative","-1","AFFECTIVE-REACTION","modes","Author"
"6.3.1","Nikon Coolpix 4300","2024-05-26T18:46:29.583Z","User-yyzXY","servicing","service","negative","-1","AFFECTIVE-REACTION","weeks","Author"
"6.4.1","Nikon Coolpix 4300","2024-05-26T18:46:29.583Z","User-yyzXY","service","service","negative","-1","STATEMENT","refuse, kind","Others"
"6.5.1","Nikon Coolpix 4300","2024-05-26T18:46:29.583Z","User-yyzXY","service","service","negative","-1","STATEMENT","camera","Others"
"6.6.1","Nikon Coolpix 4300","2024-05-26T18:46:29.583Z","User-yyzXY","camera","camera","positive","1","AFFECTIVE-REACTION","","Author"
"6.6.2","Nikon Coolpix 4300","2024-05-26T18:46:29.583Z","User-yyzXY","customer service","service","negative","-1","STATEMENT","","Author"
"7.1.1","Nikon Coolpix 4300","2024-05-14T07:58:30.785Z","User-CqhvM","system error","system error","negative","-1","AFFECTIVE-REACTION","days, system","Author"
"7.2.1","Nikon Coolpix 4300","2024-05-14T07:58:30.785Z","User-CqhvM","camera","camera","negative","-1","AFFECTIVE-REACTION","","Author"
"7.3.1","Nikon Coolpix 4300","2024-05-14T07:58:30.785Z","User-CqhvM","lens cap design","lens","negative","-1","AFFECTIVE-REACTION","lens","Author"
"7.4.1","Nikon Coolpix 4300","2024-05-14T07:58:30.785Z","User-CqhvM","lens cap","lens","negative","-1","STATEMENT","","Author"
"7.5.1","Nikon Coolpix 4300","2024-05-14T07:58:30.785Z","User-CqhvM","audio on video","audio on video","negative","-1","AFFECTIVE-REACTION","","Author"
"7.6.1","Nikon Coolpix 4300","2024-05-14T07:58:30.785Z","User-CqhvM","pictures quality","pictures","positive","1","AFFECTIVE-REACTION","","Author"
"7.6.2","Nikon Coolpix 4300","2024-05-14T07:58:30.785Z","User-CqhvM","shutter delay","shutter delay","neutral","0","STATEMENT","","Author"
"7.7.1","Nikon Coolpix 4300","2024-05-14T07:58:30.785Z","User-CqhvM","service","service","neutral","0","STATEMENT","nikon","Author"
"8.1.1","Nikon Coolpix 4300","2024-05-24T23:11:57.941Z","User-9pjb4","other","other","neutral","0","STATEMENT","","Author"
"8.2.1","Nikon Coolpix 4300","2024-05-24T23:11:57.941Z","User-9pjb4","camera","camera","positive","1","AFFECTIVE-REACTION","","Author"
"8.3.1","Nikon Coolpix 4300","2024-05-24T23:11:57.941Z","User-9pjb4","other","other","neutral","0","STATEMENT","","Author"
"8.4.1","Nikon Coolpix 4300","2024-05-24T23:11:57.941Z","User-9pjb4","other","other","neutral","0","STATEMENT","","Author"
"8.5.1","Nikon Coolpix 4300","2024-05-24T23:11:57.941Z","User-9pjb4","other","other","negative","-1","STATEMENT","hands, camera","Author"
"8.6.1","Nikon Coolpix 4300","2024-05-24T23:11:57.941Z","User-9pjb4","other","other","neutral","0","STATEMENT","camera","Author"
"8.7.1","Nikon Coolpix 4300","2024-05-24T23:11:57.941Z","User-9pjb4","other","other","positive","1","STATEMENT","amateur, camera, photography","Author"
"8.8.1","Nikon Coolpix 4300","2024-05-24T23:11:57.941Z","User-9pjb4","other","other","neutral","0","STATEMENT","brand, camcorder","Author"
"8.9.1","Nikon Coolpix 4300","2024-05-24T23:11:57.941Z","User-9pjb4","nikon coolpix 4300","camera","neutral","0","STATEMENT","","Author"
"8.10.1","Nikon Coolpix 4300","2024-05-24T23:11:57.941Z","User-9pjb4","settings","settings","neutral","0","STATEMENT","size","Author"
"8.10.2","Nikon Coolpix 4300","2024-05-24T23:11:57.941Z","User-9pjb4","size","size","neutral","0","STATEMENT","size","Author"
"8.10.3","Nikon Coolpix 4300","2024-05-24T23:11:57.941Z","User-9pjb4","price","price","neutral","0","STATEMENT","size","Author"
"8.10.4","Nikon Coolpix 4300","2024-05-24T23:11:57.941Z","User-9pjb4","brand","brand","neutral","0","STATEMENT","size","Author"
"8.10.5","Nikon Coolpix 4300","2024-05-24T23:11:57.941Z","User-9pjb4","software","software","neutral","0","STATEMENT","size","Author"
"8.11.1","Nikon Coolpix 4300","2024-05-24T23:11:57.941Z","User-9pjb4","camera","camera","positive","1","SENTIMENT","decision","Author"
"8.12.1","Nikon Coolpix 4300","2024-05-24T23:11:57.941Z","User-9pjb4","picture","pictures","positive","1","AFFECTIVE-REACTION","pictures","Author"
"8.13.1","Nikon Coolpix 4300","2024-05-24T23:11:57.941Z","User-9pjb4","camera","camera","negative","-1","AFFECTIVE-REACTION","","Author"
"8.14.1","Nikon Coolpix 4300","2024-05-24T23:11:57.941Z","User-9pjb4","indoor setting","indoor setting","negative","-1","AFFECTIVE-REACTION","setting","Others"
"8.15.1","Nikon Coolpix 4300","2024-05-24T23:11:57.941Z","User-9pjb4","delay","delay","negative","-1","AFFECTIVE-REACTION","waiting, people, flash","Author"
"8.16.1","Nikon Coolpix 4300","2024-05-24T23:11:57.941Z","User-9pjb4","picture quality","pictures","negative","-1","AFFECTIVE-REACTION","moment, hands","Author"
"8.17.1","Nikon Coolpix 4300","2024-05-24T23:11:57.941Z","User-9pjb4","camera problems","camera problems","negative","-1","STATEMENT","","Author"
"8.18.1","Nikon Coolpix 4300","2024-05-24T23:11:57.941Z","User-9pjb4","tripod","tripod","neutral","0","STATEMENT","tripod","Author"
"8.19.1","Nikon Coolpix 4300","2024-05-24T23:11:57.941Z","User-9pjb4","256 mb","memory card","neutral","0","STATEMENT","","Author"
"8.19.2","Nikon Coolpix 4300","2024-05-24T23:11:57.941Z","User-9pjb4","usb card reader","usb","neutral","0","STATEMENT","","Author"
"8.19.3","Nikon Coolpix 4300","2024-05-24T23:11:57.941Z","User-9pjb4","camera bag","camera bag","negative","-1","STATEMENT","","Author"
"8.19.4","Nikon Coolpix 4300","2024-05-24T23:11:57.941Z","User-9pjb4","warranty","service","negative","-1","STATEMENT","","Author"
"8.20.1","Nikon Coolpix 4300","2024-05-24T23:11:57.941Z","User-9pjb4","pictures","pictures","positive","1","STATEMENT","terms","Author"
"8.21.1","Nikon Coolpix 4300","2024-05-24T23:11:57.941Z","User-9pjb4","other","other","neutral","0","STATEMENT","Hope","Others"
"8.22.1","Nikon Coolpix 4300","2024-05-24T23:11:57.941Z","User-9pjb4","photographs","photographs","positive","1","SENTIMENT","","Author"
"8.23.1","Nikon Coolpix 4300","2024-05-24T23:11:57.941Z","User-9pjb4","photographs","photographs","positive","1","AFFECTIVE-REACTION","vegas, photographs","Author"
"9.1.1","Nikon Coolpix 4300","2024-05-25T03:07:23.379Z","User-DMibv","other","other","negative","-1","STATEMENT","","Author"
"9.2.1","Nikon Coolpix 4300","2024-05-25T03:07:23.379Z","User-DMibv","4300","camera","positive","1","SENTIMENT","","Author"
"9.3.1","Nikon Coolpix 4300","2024-05-25T03:07:23.379Z","User-DMibv","lense","lens","positive","1","AFFECTIVE-REACTION","","Author"
"9.3.2","Nikon Coolpix 4300","2024-05-25T03:07:23.379Z","User-DMibv","pictures","pictures","positive","1","AFFECTIVE-REACTION","","Author"
"9.4.1","Nikon Coolpix 4300","2024-05-25T03:07:23.379Z","User-DMibv","auto","auto mode","neutral","0","STATEMENT","scene","Author"
"9.4.2","Nikon Coolpix 4300","2024-05-25T03:07:23.379Z","User-DMibv","scene mode","scene mode","neutral","0","STATEMENT","scene","Author"
"9.5.1","Nikon Coolpix 4300","2024-05-25T03:07:23.379Z","User-DMibv","movie mode","movie mode","positive","1","AFFECTIVE-REACTION","","Author"
"9.6.1","Nikon Coolpix 4300","2024-05-25T03:07:23.379Z","User-DMibv","software","software","positive","1","AFFECTIVE-REACTION","software, xp","Author"
"9.6.2","Nikon Coolpix 4300","2024-05-25T03:07:23.379Z","User-DMibv","accessories","accessories","positive","1","STATEMENT","software, xp","Author"
"9.7.1","Nikon Coolpix 4300","2024-05-25T03:07:23.379Z","User-DMibv","memory card","memory card","neutral","0","STATEMENT","card, pictures, resolution","Author"
"9.8.1","Nikon Coolpix 4300","2024-05-25T03:07:23.379Z","User-DMibv","print ordering","print","positive","1","AFFECTIVE-REACTION","results","Author"
"9.9.1","Nikon Coolpix 4300","2024-05-25T03:07:23.379Z","User-DMibv","print quality","print","positive","1","STATEMENT","setting","Author"
"9.10.1","Nikon Coolpix 4300","2024-05-25T03:07:23.379Z","User-DMibv","battery life","battery","positive","1","AFFECTIVE-REACTION","","Author"
"9.10.2","Nikon Coolpix 4300","2024-05-25T03:07:23.379Z","User-DMibv","battery usage","battery","negative","-1","STATEMENT","","Author"
"9.11.1","Nikon Coolpix 4300","2024-05-25T03:07:23.379Z","User-DMibv","battery","battery","neutral","0","STATEMENT","","Author"
"9.11.2","Nikon Coolpix 4300","2024-05-25T03:07:23.379Z","User-DMibv","charging speed","charging speed","positive","1","STATEMENT","","Author"
"9.12.1","Nikon Coolpix 4300","2024-05-25T03:07:23.379Z","User-DMibv","accessory kit","accessories","positive","1","AFFECTIVE-REACTION","kit","Author"
"9.13.1","Nikon Coolpix 4300","2024-05-25T03:07:23.379Z","User-DMibv","camera bag","camera bag","positive","1","AFFECTIVE-REACTION","camera","Author"
"9.14.1","Nikon Coolpix 4300","2024-05-25T03:07:23.379Z","User-DMibv","accessory kit","accessories","positive","1","STATEMENT","card","Author"
"9.15.1","Nikon Coolpix 4300","2024-05-25T03:07:23.379Z","User-DMibv","camera","camera","positive","1","AFFECTIVE-REACTION","camera","Author"
"10.1.1","Nikon Coolpix 4300","2024-05-11T18:44:37.090Z","User-F3D2i","review","review","positive","1","STATEMENT","camera","Author"
"10.2.1","Nikon Coolpix 4300","2024-05-11T18:44:37.090Z","User-F3D2i","other","other","positive","1","AFFECTIVE-REACTION","pictures, olympus","Author"
"10.3.1","Nikon Coolpix 4300","2024-05-11T18:44:37.090Z","User-F3D2i","other","other","negative","-1","STATEMENT","","Author"
"10.4.1","Nikon Coolpix 4300","2024-05-11T18:44:37.090Z","User-F3D2i","coolpix 4300","camera","neutral","0","STATEMENT","","Author"
"10.5.1","Nikon Coolpix 4300","2024-05-11T18:44:37.090Z","User-F3D2i","picture","pictures","negative","-1","STATEMENT","","Author"
"10.6.1","Nikon Coolpix 4300","2024-05-11T18:44:37.090Z","User-F3D2i","other","other","positive","1","STATEMENT","","Author"
"10.7.1","Nikon Coolpix 4300","2024-05-11T18:44:37.090Z","User-F3D2i","other","other","positive","1","AFFECTIVE-REACTION","","Author"
"10.8.1","Nikon Coolpix 4300","2024-05-11T18:44:37.090Z","User-F3D2i","blurriness","blurriness","neutral","0","STATEMENT","camera, button","Author"
"10.9.1","Nikon Coolpix 4300","2024-05-11T18:44:37.090Z","User-F3D2i","other","other","positive","1","STATEMENT","","Author"
"10.10.1","Nikon Coolpix 4300","2024-05-11T18:44:37.090Z","User-F3D2i","features","features","positive","1","AFFECTIVE-REACTION","camera, features","Author"
"10.11.1","Nikon Coolpix 4300","2024-05-11T18:44:37.090Z","User-F3D2i","camera","camera","negative","-1","AFFECTIVE-REACTION","hands, person, settings","Author"
"11.1.1","Nikon Coolpix 4300","2024-05-08T06:16:54.017Z","User-D1n8C","nikon 4300","camera","neutral","0","STATEMENT","","Author"
"11.2.1","Nikon Coolpix 4300","2024-05-08T06:16:54.017Z","User-D1n8C","camera","camera","neutral","0","STATEMENT","","Author"
"11.3.1","Nikon Coolpix 4300","2024-05-08T06:16:54.017Z","User-D1n8C","picture","pictures","positive","1","AFFECTIVE-REACTION","","Author"
"11.4.1","Nikon Coolpix 4300","2024-05-08T06:16:54.017Z","User-D1n8C","digital zoom","zoom","positive","1","STATEMENT","","Author"
"11.4.2","Nikon Coolpix 4300","2024-05-08T06:16:54.017Z","User-D1n8C","optical zoom","zoom","positive","1","STATEMENT","","Author"
"11.5.1","Nikon Coolpix 4300","2024-05-08T06:16:54.017Z","User-D1n8C","picture","pictures","negative","-1","AFFECTIVE-REACTION","camera, bit","Others"
"11.5.2","Nikon Coolpix 4300","2024-05-08T06:16:54.017Z","User-D1n8C","deleting pics","deleting pics","negative","-1","AFFECTIVE-REACTION","camera, bit","Others"
"11.5.3","Nikon Coolpix 4300","2024-05-08T06:16:54.017Z","User-D1n8C","focusing","focusing","negative","-1","AFFECTIVE-REACTION","camera, bit","Others"
"11.5.4","Nikon Coolpix 4300","2024-05-08T06:16:54.017Z","User-D1n8C","lighting adjustments","lighting adjustments","neutral","0","STATEMENT","camera, bit","Others"
"11.5.5","Nikon Coolpix 4300","2024-05-08T06:16:54.017Z","User-D1n8C","camera","camera","positive","1","AFFECTIVE-REACTION","camera, bit","Others"
"11.6.1","Nikon Coolpix 4300","2024-05-08T06:16:54.017Z","User-D1n8C","picture","pictures","positive","1","SENTIMENT","features","Author"
"11.7.1","Nikon Coolpix 4300","2024-05-08T06:16:54.017Z","User-D1n8C","sunset feature","sunset feature","positive","1","AFFECTIVE-REACTION","","Author"
"11.8.1","Nikon Coolpix 4300","2024-05-08T06:16:54.017Z","User-D1n8C","software","software","positive","1","AFFECTIVE-REACTION","camera","Others"
"11.9.1","Nikon Coolpix 4300","2024-05-08T06:16:54.017Z","User-D1n8C","touchups","touchups","positive","1","AFFECTIVE-REACTION","","Author"
"11.9.2","Nikon Coolpix 4300","2024-05-08T06:16:54.017Z","User-D1n8C","redeye","redeye","positive","1","AFFECTIVE-REACTION","","Author"
"11.10.1","Nikon Coolpix 4300","2024-05-08T06:16:54.017Z","User-D1n8C","memory card","memory card","positive","1","STATEMENT","memory","Author"
"11.11.1","Nikon Coolpix 4300","2024-05-08T06:16:54.017Z","User-D1n8C","memory card","memory card","neutral","0","STATEMENT","","Author"
"11.11.2","Nikon Coolpix 4300","2024-05-08T06:16:54.017Z","User-D1n8C","resolution","resolution","positive","1","AFFECTIVE-REACTION","","Author"
"11.12.1","Nikon Coolpix 4300","2024-05-08T06:16:54.017Z","User-D1n8C","picture","pictures","neutral","0","STATEMENT","pics, Very","Author"
"11.13.1","Nikon Coolpix 4300","2024-05-08T06:16:54.017Z","User-D1n8C","battery life","battery","positive","1","AFFECTIVE-REACTION","","Author"
"11.13.2","Nikon Coolpix 4300","2024-05-08T06:16:54.017Z","User-D1n8C","rechargeable batteries","battery","neutral","0","STATEMENT","","Author"
"11.13.3","Nikon Coolpix 4300","2024-05-08T06:16:54.017Z","User-D1n8C","alkaline backup","alkaline backup","neutral","0","STATEMENT","","Author"
"11.13.4","Nikon Coolpix 4300","2024-05-08T06:16:54.017Z","User-D1n8C","emergency pics","pictures","neutral","0","STATEMENT","","Author"
"11.14.1","Nikon Coolpix 4300","2024-05-08T06:16:54.017Z","User-D1n8C","camera","camera","positive","1","AFFECTIVE-REACTION","camera","Author"
"11.15.1","Nikon Coolpix 4300","2024-05-08T06:16:54.017Z","User-D1n8C","other","other","neutral","0","STATEMENT","digital, move","Author"
"11.16.1","Nikon Coolpix 4300","2024-05-08T06:16:54.017Z","User-D1n8C","other","other","positive","1","STATEMENT","","Author"
"11.17.1","Nikon Coolpix 4300","2024-05-08T06:16:54.017Z","User-D1n8C","camera","camera","positive","1","AFFECTIVE-REACTION","","Author"
"11.17.2","Nikon Coolpix 4300","2024-05-08T06:16:54.017Z","User-D1n8C","investment","investment","positive","1","AFFECTIVE-REACTION","","Author"
"12.1.1","Nikon Coolpix 4300","2024-05-16T21:59:57.693Z","User-t9bTq","other","other","neutral","0","STATEMENT","","Author"
"12.2.1","Nikon Coolpix 4300","2024-05-16T21:59:57.693Z","User-t9bTq","use","usability","positive","1","AFFECTIVE-REACTION","coolpix, size","Author"
"12.2.2","Nikon Coolpix 4300","2024-05-16T21:59:57.693Z","User-t9bTq","quality","quality","positive","1","AFFECTIVE-REACTION","coolpix, size","Author"
"12.2.3","Nikon Coolpix 4300","2024-05-16T21:59:57.693Z","User-t9bTq","size","size","positive","1","AFFECTIVE-REACTION","coolpix, size","Author"
"12.3.1","Nikon Coolpix 4300","2024-05-16T21:59:57.693Z","User-t9bTq","battery","battery","positive","1","STATEMENT","","Author"
"12.3.2","Nikon Coolpix 4300","2024-05-16T21:59:57.693Z","User-t9bTq","memory card","memory card","positive","1","STATEMENT","","Author"
"12.4.1","Nikon Coolpix 4300","2024-05-16T21:59:57.693Z","User-t9bTq","auto settings","auto settings","positive","1","STATEMENT","auto, settings, job","Author"
"12.5.1","Nikon Coolpix 4300","2024-05-16T21:59:57.693Z","User-t9bTq","nikon coolpix 4300","camera","positive","1","STATEMENT","","Author"
"13.1.1","Nikon Coolpix 4300","2024-05-12T05:53:50.458Z","User-4PULq","nikon coolpix 4300","camera","neutral","0","STATEMENT","","Author"
"13.2.1","Nikon Coolpix 4300","2024-05-12T05:53:50.458Z","User-4PULq","camera","camera","positive","1","AFFECTIVE-REACTION","ones, features","Author"
"13.3.1","Nikon Coolpix 4300","2024-05-12T05:53:50.458Z","User-4PULq","picture quality","pictures","positive","1","AFFECTIVE-REACTION","pics","Author"
"13.3.2","Nikon Coolpix 4300","2024-05-12T05:53:50.458Z","User-4PULq","use","usability","positive","1","AFFECTIVE-REACTION","pics","Author"
"13.4.1","Nikon Coolpix 4300","2024-05-12T05:53:50.458Z","User-4PULq","pics","pictures","negative","-1","AFFECTIVE-REACTION","pics","Others"
"13.5.1","Nikon Coolpix 4300","2024-05-12T05:53:50.458Z","User-4PULq","lcd","lcd","negative","-1","AFFECTIVE-REACTION","lcd, daylight","Author"
"13.6.1","Nikon Coolpix 4300","2024-05-12T05:53:50.458Z","User-4PULq","download speed","download speed","positive","1","AFFECTIVE-REACTION","","Author"
"13.7.1","Nikon Coolpix 4300","2024-05-12T05:53:50.458Z","User-4PULq","control","control","positive","1","AFFECTIVE-REACTION","","Author"
"13.8.1","Nikon Coolpix 4300","2024-05-12T05:53:50.458Z","User-4PULq","camera","camera","positive","1","AFFECTIVE-REACTION","","Author"
"14.1.1","Nikon Coolpix 4300","2024-05-13T16:16:45.743Z","User-jq6SC","camera","camera","positive","1","SENTIMENT","camera","Author"
"14.2.1","Nikon Coolpix 4300","2024-05-13T16:16:45.743Z","User-jq6SC","size","size","positive","1","AFFECTIVE-REACTION","","Author"
"14.2.2","Nikon Coolpix 4300","2024-05-13T16:16:45.743Z","User-jq6SC","image quality","pictures","positive","1","STATEMENT","","Author"
"14.3.1","Nikon Coolpix 4300","2024-05-13T16:16:45.743Z","User-jq6SC","settings","settings","negative","-1","STATEMENT","","Author"
"14.4.1","Nikon Coolpix 4300","2024-05-13T16:16:45.743Z","User-jq6SC","picture","pictures","positive","1","STATEMENT","prints, pics","Author"
"14.4.2","Nikon Coolpix 4300","2024-05-13T16:16:45.743Z","User-jq6SC","image quality","pictures","positive","1","AFFECTIVE-REACTION","prints, pics","Author"
"14.5.1","Nikon Coolpix 4300","2024-05-13T16:16:45.743Z","User-jq6SC","zoomed image","zoom","positive","1","AFFECTIVE-REACTION","quality, images","Author"
"14.6.1","Nikon Coolpix 4300","2024-05-13T16:16:45.743Z","User-jq6SC","memory card","memory card","positive","1","STATEMENT","","Author"
"14.7.1","Nikon Coolpix 4300","2024-05-13T16:16:45.743Z","User-jq6SC","image quality","pictures","negative","-1","STATEMENT","","Author"
"14.8.1","Nikon Coolpix 4300","2024-05-13T16:16:45.743Z","User-jq6SC","camera","camera","positive","1","AFFECTIVE-REACTION","m, perspective, camera, camper","Author"
"15.1.1","Nikon Coolpix 4300","2024-05-08T00:34:13.963Z","User-sx87E","camera","camera","positive","1","AFFECTIVE-REACTION","camera","Author"
"15.2.1","Nikon Coolpix 4300","2024-05-08T00:34:13.963Z","User-sx87E","other","other","neutral","0","STATEMENT","","Author, Others"
"15.3.1","Nikon Coolpix 4300","2024-05-08T00:34:13.963Z","User-sx87E","camera","camera","positive","1","STATEMENT","buyer","Author"
"15.4.1","Nikon Coolpix 4300","2024-05-08T00:34:13.963Z","User-sx87E","4 mp","4 mp","neutral","0","STATEMENT","offsets, camera","Others"
"15.4.2","Nikon Coolpix 4300","2024-05-08T00:34:13.963Z","User-sx87E","cost","price","negative","-1","AFFECTIVE-REACTION","offsets, camera","Others"
"15.4.3","Nikon Coolpix 4300","2024-05-08T00:34:13.963Z","User-sx87E","optical zoom","zoom","negative","-1","AFFECTIVE-REACTION","offsets, camera","Others"
"15.4.4","Nikon Coolpix 4300","2024-05-08T00:34:13.963Z","User-sx87E","quality reputation","quality reputation","negative","-1","AFFECTIVE-REACTION","offsets, camera","Others"
"15.4.5","Nikon Coolpix 4300","2024-05-08T00:34:13.963Z","User-sx87E","package value","package value","positive","1","STATEMENT","offsets, camera","Others"
"15.5.1","Nikon Coolpix 4300","2024-05-08T00:34:13.963Z","User-sx87E","picture","pictures","positive","1","STATEMENT","lighting, thing, rooms, camera","Author"
"16.1.1","Nikon Coolpix 4300","2024-05-05T15:28:34.315Z","User-bNUa1","camera","camera","positive","1","SENTIMENT","nikon","Author"
"16.2.1","Nikon Coolpix 4300","2024-05-05T15:28:34.315Z","User-bNUa1","software","software","positive","1","AFFECTIVE-REACTION","service","Author"
"16.2.2","Nikon Coolpix 4300","2024-05-05T15:28:34.315Z","User-bNUa1","online service","online service","positive","1","AFFECTIVE-REACTION","service","Author"
"16.2.3","Nikon Coolpix 4300","2024-05-05T15:28:34.315Z","User-bNUa1","photo quality","pictures","positive","1","AFFECTIVE-REACTION","service","Author"
"16.3.1","Nikon Coolpix 4300","2024-05-05T15:28:34.315Z","User-bNUa1","camera","camera","positive","1","AFFECTIVE-REACTION","","Others"
"16.4.1","Nikon Coolpix 4300","2024-05-05T15:28:34.315Z","User-bNUa1","camera","camera","neutral","0","STATEMENT","","Author"
"16.5.1","Nikon Coolpix 4300","2024-05-05T15:28:34.315Z","User-bNUa1","camera","camera","neutral","0","STATEMENT","","Author"
"16.6.1","Nikon Coolpix 4300","2024-05-05T15:28:34.315Z","User-bNUa1","photo quality","pictures","positive","1","AFFECTIVE-REACTION","photos","Author"
"16.7.1","Nikon Coolpix 4300","2024-05-05T15:28:34.315Z","User-bNUa1","camera","camera","positive","1","STATEMENT","","Author"
"16.8.1","Nikon Coolpix 4300","2024-05-05T15:28:34.315Z","User-bNUa1","memory card","memory card","positive","1","AFFECTIVE-REACTION","memory","Author"
"16.9.1","Nikon Coolpix 4300","2024-05-05T15:28:34.315Z","User-bNUa1","other","other","positive","1","STATEMENT","","Author"
"16.10.1","Nikon Coolpix 4300","2024-05-05T15:28:34.315Z","User-bNUa1","memory card","memory card","positive","1","STATEMENT","","Author"
"16.11.1","Nikon Coolpix 4300","2024-05-05T15:28:34.315Z","User-bNUa1","camera","camera","positive","1","AFFECTIVE-REACTION","","Author"
"16.12.1","Nikon Coolpix 4300","2024-05-05T15:28:34.315Z","User-bNUa1","camera","camera","positive","1","STATEMENT","","Author"
"16.13.1","Nikon Coolpix 4300","2024-05-05T15:28:34.315Z","User-bNUa1","camera","camera","neutral","0","STATEMENT","","Author"
"17.1.1","Nikon Coolpix 4300","2024-05-31T20:40:58.198Z","User-lE5PN","camera","camera","positive","1","AFFECTIVE-REACTION","usage, camera","Author"
"17.1.2","Nikon Coolpix 4300","2024-05-31T20:40:58.198Z","User-lE5PN","results","results","positive","1","AFFECTIVE-REACTION","usage, camera","Author"
"17.1.3","Nikon Coolpix 4300","2024-05-31T20:40:58.198Z","User-lE5PN","usage","usage","positive","1","STATEMENT","usage, camera","Author"
"18.1.1","Nikon Coolpix 4300","2024-05-26T02:34:37.000Z","User-jbSVr","camera","camera","neutral","0","STATEMENT","","Author"
"18.2.1","Nikon Coolpix 4300","2024-05-26T02:34:37.000Z","User-jbSVr","features","features","positive","1","AFFECTIVE-REACTION","","Author"
"18.3.1","Nikon Coolpix 4300","2024-05-26T02:34:37.000Z","User-jbSVr","usability","usability","positive","1","AFFECTIVE-REACTION","enough","Others"
"18.3.2","Nikon Coolpix 4300","2024-05-26T02:34:37.000Z","User-jbSVr","features","features","positive","1","STATEMENT","enough","Others"
"18.4.1","Nikon Coolpix 4300","2024-05-26T02:34:37.000Z","User-jbSVr","macro shots","macro shots","positive","1","STATEMENT","","Author"
"18.5.1","Nikon Coolpix 4300","2024-05-26T02:34:37.000Z","User-jbSVr","picture quality","pictures","positive","1","AFFECTIVE-REACTION","friends, quality","Author"
"18.6.1","Nikon Coolpix 4300","2024-05-26T02:34:37.000Z","User-jbSVr","autofocus","auto focus","negative","-1","STATEMENT","battery","Author"
"18.7.1","Nikon Coolpix 4300","2024-05-26T02:34:37.000Z","User-jbSVr","autofocus","auto focus","neutral","0","STATEMENT","","Author"
"18.8.1","Nikon Coolpix 4300","2024-05-26T02:34:37.000Z","User-jbSVr","battery life","battery","neutral","0","STATEMENT","Battery","Author"
"18.9.1","Nikon Coolpix 4300","2024-05-26T02:34:37.000Z","User-jbSVr","battery","battery","neutral","0","STATEMENT","","Author"
"18.9.2","Nikon Coolpix 4300","2024-05-26T02:34:37.000Z","User-jbSVr","storage","storage","positive","1","AFFECTIVE-REACTION","","Author"
"19.1.1","Nikon Coolpix 4300","2024-05-30T23:26:56.269Z","User-V39OE","camera","camera","positive","1","AFFECTIVE-REACTION","camera","Others"
"19.2.1","Nikon Coolpix 4300","2024-05-30T23:26:56.269Z","User-V39OE","usage","usage","neutral","0","STATEMENT","","Author"
"19.3.1","Nikon Coolpix 4300","2024-05-30T23:26:56.269Z","User-V39OE","menus","menu","positive","1","AFFECTIVE-REACTION","controls","Author"
"19.4.1","Nikon Coolpix 4300","2024-05-30T23:26:56.269Z","User-V39OE","quality","quality","positive","1","AFFECTIVE-REACTION","","Author"
"19.5.1","Nikon Coolpix 4300","2024-05-30T23:26:56.269Z","User-V39OE","size","size","positive","1","AFFECTIVE-REACTION","hands, person","Author"
"19.5.2","Nikon Coolpix 4300","2024-05-30T23:26:56.269Z","User-V39OE","comfort","comfort","negative","-1","AFFECTIVE-REACTION","hands, person","Author"
"20.1.1","Nikon Coolpix 4300","2024-05-14T05:41:56.493Z","User-phqD6","model 880, 885","model 880, 885","positive","1","AFFECTIVE-REACTION","","Author"
"20.2.1","Nikon Coolpix 4300","2024-05-14T05:41:56.493Z","User-phqD6","nikon","camera","positive","1","SENTIMENT","brand, package","Author"
"20.3.1","Nikon Coolpix 4300","2024-05-14T05:41:56.493Z","User-phqD6","flash card","flash card","neutral","0","STATEMENT","card","Author"
"20.4.1","Nikon Coolpix 4300","2024-05-14T05:41:56.493Z","User-phqD6","256mb card","memory card","positive","1","STATEMENT","","Author"
"20.6.1","Nikon Coolpix 4300","2024-05-14T05:41:56.493Z","User-phqD6","rechargeable battery","battery","negative","-1","STATEMENT","","Author"
"20.7.1","Nikon Coolpix 4300","2024-05-14T05:41:56.493Z","User-phqD6","extra battery","battery","positive","1","STATEMENT","","Author"
"20.8.1","Nikon Coolpix 4300","2024-05-14T05:41:56.493Z","User-phqD6","auto-focus assist light","auto focus","negative","-1","AFFECTIVE-REACTION","shots, camera, situations, assist","Author"
"20.9.1","Nikon Coolpix 4300","2024-05-14T05:41:56.493Z","User-phqD6","auto-focus assist light","auto focus","neutral","0","STATEMENT","things","Author"
"20.10.1","Nikon Coolpix 4300","2024-05-14T05:41:56.493Z","User-phqD6","3x optical zoom","zoom","neutral","0","STATEMENT","","Author"
"20.11.1","Nikon Coolpix 4300","2024-05-14T05:41:56.493Z","User-phqD6","optical zoom","zoom","negative","-1","STATEMENT","","Author"
"20.12.1","Nikon Coolpix 4300","2024-05-14T05:41:56.493Z","User-phqD6","digital zoom","zoom","negative","-1","STATEMENT","","Author"
"20.15.1","Nikon Coolpix 4300","2024-05-14T05:41:56.493Z","User-phqD6","manual mode","manual mode","neutral","0","STATEMENT","shudder","Others"
"20.16.1","Nikon Coolpix 4300","2024-05-14T05:41:56.493Z","User-phqD6","drawbacks","drawbacks","positive","1","AFFECTIVE-REACTION","","Author"
"20.18.1","Nikon Coolpix 4300","2024-05-14T05:41:56.493Z","User-phqD6","camera","camera","positive","1","AFFECTIVE-REACTION","camera","Author"
"20.19.1","Nikon Coolpix 4300","2024-05-14T05:41:56.493Z","User-phqD6","durability","durability","positive","1","STATEMENT","","Author"
"20.20.1","Nikon Coolpix 4300","2024-05-14T05:41:56.493Z","User-phqD6","macro shots","macro shots","positive","1","AFFECTIVE-REACTION","","Author"
"20.21.1","Nikon Coolpix 4300","2024-05-14T05:41:56.493Z","User-phqD6","menus and features","menu","positive","1","AFFECTIVE-REACTION","menus, features","Author"
"21.1.1","Nikon Coolpix 4300","2024-05-29T14:12:03.394Z","User-LzujZ","camera","camera","positive","1","STATEMENT","","Author"
"21.2.1","Nikon Coolpix 4300","2024-05-29T14:12:03.394Z","User-LzujZ","pictures","pictures","positive","1","AFFECTIVE-REACTION","picturers","Author"
"21.3.1","Nikon Coolpix 4300","2024-05-29T14:12:03.394Z","User-LzujZ","camera","camera","positive","1","STATEMENT","time","Author"
"21.4.1","Nikon Coolpix 4300","2024-05-29T14:12:03.394Z","User-LzujZ","nikon 4300","camera","positive","1","AFFECTIVE-REACTION","","Author"
"22.1.1","Nikon Coolpix 4300","2024-05-30T01:29:48.001Z","User-dpTnu","brand","brand","positive","1","STATEMENT","","Author"
"22.2.1","Nikon Coolpix 4300","2024-05-30T01:29:48.001Z","User-dpTnu","camera","camera","neutral","0","STATEMENT","card, pixel, ultra, combos","Author"
"22.2.2","Nikon Coolpix 4300","2024-05-30T01:29:48.001Z","User-dpTnu","picture quality","pictures","positive","1","AFFECTIVE-REACTION","card, pixel, ultra, combos","Author"
"22.2.3","Nikon Coolpix 4300","2024-05-30T01:29:48.001Z","User-dpTnu","user-friendly functions","user-friendly functions","positive","1","AFFECTIVE-REACTION","card, pixel, ultra, combos","Author"
"22.3.1","Nikon Coolpix 4300","2024-05-30T01:29:48.001Z","User-dpTnu","txt file","txt file","positive","1","STATEMENT","","Author"
"22.4.1","Nikon Coolpix 4300","2024-05-30T01:29:48.001Z","User-dpTnu","compact digital camera","compact digital camera","positive","1","STATEMENT","camera, children","Others"
"22.5.1","Nikon Coolpix 4300","2024-05-30T01:29:48.001Z","User-dpTnu","flash card","flash card","positive","1","STATEMENT","card, capacity","Author"
"22.6.1","Nikon Coolpix 4300","2024-05-30T01:29:48.001Z","User-dpTnu","time saving","time saving","positive","1","STATEMENT","moment, picture, money","Others"
"22.7.1","Nikon Coolpix 4300","2024-05-30T01:29:48.001Z","User-dpTnu","battery","battery","positive","1","AFFECTIVE-REACTION","battery","Others"
"22.8.1","Nikon Coolpix 4300","2024-05-30T01:29:48.001Z","User-dpTnu","rechargeable","battery","positive","1","STATEMENT","environment, money","Others"
"22.9.1","Nikon Coolpix 4300","2024-05-30T01:29:48.001Z","User-dpTnu","storage capacity","storage capacity","negative","-1","AFFECTIVE-REACTION","thing, quality","Author"
"22.10.1","Nikon Coolpix 4300","2024-05-30T01:29:48.001Z","User-dpTnu","expectation","expectation","negative","-1","STATEMENT","","Author"
"22.11.1","Nikon Coolpix 4300","2024-05-30T01:29:48.001Z","User-dpTnu","clarification","clarification","neutral","0","STATEMENT","","Author"
"22.12.1","Nikon Coolpix 4300","2024-05-30T01:29:48.001Z","User-dpTnu","nikon","camera","positive","1","SENTIMENT","","Author"
"23.1.1","Nikon Coolpix 4300","2024-05-07T14:27:50.390Z","User-8PL2e","camera","camera","positive","1","AFFECTIVE-REACTION","pictures, camera","Author"
"23.1.2","Nikon Coolpix 4300","2024-05-07T14:27:50.390Z","User-8PL2e","digital camera","digital camera","positive","1","STATEMENT","pictures, camera","Author"
"23.1.3","Nikon Coolpix 4300","2024-05-07T14:27:50.390Z","User-8PL2e","operating ease","operating ease","positive","1","STATEMENT","pictures, camera","Author"
"23.2.1","Nikon Coolpix 4300","2024-05-07T14:27:50.390Z","User-8PL2e","quality","quality","positive","1","SENTIMENT","pictures","Author"
"23.2.2","Nikon Coolpix 4300","2024-05-07T14:27:50.390Z","User-8PL2e","versatility","versatility","positive","1","AFFECTIVE-REACTION","pictures","Author"
"23.3.1","Nikon Coolpix 4300","2024-05-07T14:27:50.390Z","User-8PL2e","camera","camera","positive","1","STATEMENT","","Author"
"24.1.1","Nikon Coolpix 4300","2024-05-03T15:33:36.098Z","User-lxuFW","budget","price","neutral","0","STATEMENT","size","Author"
"24.1.2","Nikon Coolpix 4300","2024-05-03T15:33:36.098Z","User-lxuFW","resolution","resolution","neutral","0","STATEMENT","size","Author"
"24.1.3","Nikon Coolpix 4300","2024-05-03T15:33:36.098Z","User-lxuFW","optical clarity and color","optics","neutral","0","STATEMENT","size","Author"
"24.1.4","Nikon Coolpix 4300","2024-05-03T15:33:36.098Z","User-lxuFW","shutter lag","shutter lag","negative","-1","AFFECTIVE-REACTION","size","Author"
"24.1.5","Nikon Coolpix 4300","2024-05-03T15:33:36.098Z","User-lxuFW","compact size","compact size","positive","1","STATEMENT","size","Author"
"24.1.6","Nikon Coolpix 4300","2024-05-03T15:33:36.098Z","User-lxuFW","camera grip","camera grip","positive","1","AFFECTIVE-REACTION","size","Author"
"24.2.1","Nikon Coolpix 4300","2024-05-03T15:33:36.098Z","User-lxuFW","research","research","neutral","0","STATEMENT","test","Author"
"24.3.1","Nikon Coolpix 4300","2024-05-03T15:33:36.098Z","User-lxuFW","nikon coolpix 4300","camera","positive","1","AFFECTIVE-REACTION","","Author"
"24.4.1","Nikon Coolpix 4300","2024-05-03T15:33:36.098Z","User-lxuFW","camera","camera","positive","1","STATEMENT","camera, expectations","Author"
"24.5.1","Nikon Coolpix 4300","2024-05-03T15:33:36.098Z","User-lxuFW","daylight pictures","daylight pictures","positive","1","AFFECTIVE-REACTION","shots, daylight","Author"
"24.5.2","Nikon Coolpix 4300","2024-05-03T15:33:36.098Z","User-lxuFW","indoor shots","indoor shots","positive","1","AFFECTIVE-REACTION","shots, daylight","Author"
"24.6.1","Nikon Coolpix 4300","2024-05-03T15:33:36.098Z","User-lxuFW","shutter lag","shutter lag","negative","-1","AFFECTIVE-REACTION","card, frame, speed","Author"
"24.6.2","Nikon Coolpix 4300","2024-05-03T15:33:36.098Z","User-lxuFW","next frame advance","next frame advance","positive","1","STATEMENT","card, frame, speed","Author"
"24.7.1","Nikon Coolpix 4300","2024-05-03T15:33:36.098Z","User-lxuFW","uploading images","uploading images","positive","1","AFFECTIVE-REACTION","","Author"
"24.8.1","Nikon Coolpix 4300","2024-05-03T15:33:36.098Z","User-lxuFW","indoor shots","indoor shots","negative","-1","STATEMENT","cameras","Author"
"24.9.1","Nikon Coolpix 4300","2024-05-03T15:33:36.098Z","User-lxuFW","slave flash unit","slave flash unit","neutral","0","STATEMENT","flash unit","Author"
"24.10.1","Nikon Coolpix 4300","2024-05-03T15:33:36.098Z","User-lxuFW","battery life","battery","negative","-1","STATEMENT","side, situations","Author"
"24.11.1","Nikon Coolpix 4300","2024-05-03T15:33:36.098Z","User-lxuFW","outdoor shots","outdoor shots","neutral","0","STATEMENT","","Author"
"24.11.2","Nikon Coolpix 4300","2024-05-03T15:33:36.098Z","User-lxuFW","battery","battery","negative","-1","STATEMENT","","Author"
"24.12.1","Nikon Coolpix 4300","2024-05-03T15:33:36.098Z","User-lxuFW","back-up battery","back-up battery","positive","1","STATEMENT","","Author"
"24.13.1","Nikon Coolpix 4300","2024-05-03T15:33:36.098Z","User-lxuFW","picture editing software","picture editing software","neutral","0","STATEMENT","","Author"
"24.14.1","Nikon Coolpix 4300","2024-05-03T15:33:36.098Z","User-lxuFW","photosuite","photosuite","positive","1","STATEMENT","","Author"
"24.15.1","Nikon Coolpix 4300","2024-05-03T15:33:36.098Z","User-lxuFW","indoor shots","indoor shots","negative","-1","AFFECTIVE-REACTION","reviews, camera","Author"
"24.16.1","Nikon Coolpix 4300","2024-05-03T15:33:36.098Z","User-lxuFW","focusing","focusing","positive","1","AFFECTIVE-REACTION","kitchen, focusing","Author"
"24.17.1","Nikon Coolpix 4300","2024-05-03T15:33:36.098Z","User-lxuFW","camera","camera","positive","1","SENTIMENT","quality, camera, anyone","Author"
"24.18.1","Nikon Coolpix 4300","2024-05-03T15:33:36.098Z","User-lxuFW","camera","camera","positive","1","SENTIMENT","camera","Author"
"24.19.1","Nikon Coolpix 4300","2024-05-03T15:33:36.098Z","User-lxuFW","accessories","accessories","positive","1","STATEMENT","","Author"
"24.20.1","Nikon Coolpix 4300","2024-05-03T15:33:36.098Z","User-lxuFW","digi-slave dsf-1s flash unit","digi-slave dsf-1s flash unit","positive","1","STATEMENT","unit","Author"
"24.21.1","Nikon Coolpix 4300","2024-05-03T15:33:36.098Z","User-lxuFW","bracket","bracket","neutral","0","STATEMENT","head, hand","Author"
"24.22.1","Nikon Coolpix 4300","2024-05-03T15:33:36.098Z","User-lxuFW","adapter","adapter","neutral","0","STATEMENT","","Author"
"24.22.2","Nikon Coolpix 4300","2024-05-03T15:33:36.098Z","User-lxuFW","lens cap","lens","neutral","0","STATEMENT","","Author"
"24.22.3","Nikon Coolpix 4300","2024-05-03T15:33:36.098Z","User-lxuFW","filter set","filter set","positive","1","STATEMENT","","Author"
"24.23.1","Nikon Coolpix 4300","2024-05-03T15:33:36.098Z","User-lxuFW","protection","protection","neutral","0","STATEMENT","camera, use","Author"
"24.23.2","Nikon Coolpix 4300","2024-05-03T15:33:36.098Z","User-lxuFW","filters","filters","positive","1","STATEMENT","camera, use","Author"
"24.24.1","Nikon Coolpix 4300","2024-05-03T15:33:36.098Z","User-lxuFW","adapter","adapter","neutral","0","STATEMENT","","Author"
"24.25.1","Nikon Coolpix 4300","2024-05-03T15:33:36.098Z","User-lxuFW","camera","camera","positive","1","STATEMENT","","Others"
"24.26.1","Nikon Coolpix 4300","2024-05-03T15:33:36.098Z","User-lxuFW","photography","pictures","neutral","0","STATEMENT","filters","Others"
"24.26.2","Nikon Coolpix 4300","2024-05-03T15:33:36.098Z","User-lxuFW","case fit","case fit","neutral","0","STATEMENT","filters","Others"
"24.26.3","Nikon Coolpix 4300","2024-05-03T15:33:36.098Z","User-lxuFW","filters","filters","negative","-1","AFFECTIVE-REACTION","filters","Others"
"25.1.1","Nikon Coolpix 4300","2024-05-08T02:16:15.325Z","User-fhfzn","camera","camera","positive","1","AFFECTIVE-REACTION","","Author"
"25.2.1","Nikon Coolpix 4300","2024-05-08T02:16:15.325Z","User-fhfzn","camera","camera","positive","1","AFFECTIVE-REACTION","camera","Author"
"25.3.1","Nikon Coolpix 4300","2024-05-08T02:16:15.325Z","User-fhfzn","pictures","pictures","positive","1","AFFECTIVE-REACTION","pictures","Author"
"25.4.1","Nikon Coolpix 4300","2024-05-08T02:16:15.325Z","User-fhfzn","manual","manual","positive","1","AFFECTIVE-REACTION","","Author"
"25.4.2","Nikon Coolpix 4300","2024-05-08T02:16:15.325Z","User-fhfzn","usability","usability","positive","1","AFFECTIVE-REACTION","","Author"
"25.5.1","Nikon Coolpix 4300","2024-05-08T02:16:15.325Z","User-fhfzn","size","size","positive","1","STATEMENT","","Author"
"25.6.1","Nikon Coolpix 4300","2024-05-08T02:16:15.325Z","User-fhfzn","quick pictures","quick pictures","negative","-1","STATEMENT","","Author"
"25.7.1","Nikon Coolpix 4300","2024-05-08T02:16:15.325Z","User-fhfzn","manual","manual","negative","-1","STATEMENT","","Author"
"26.1.1","Nikon Coolpix 4300","2024-05-21T15:13:52.777Z","User-2remG","rating","rating","neutral","0","STATEMENT","rating","Others"
"26.2.1","Nikon Coolpix 4300","2024-05-21T15:13:52.777Z","User-2remG","camera","camera","positive","1","STATEMENT","","Author"
"26.3.1","Nikon Coolpix 4300","2024-05-21T15:13:52.777Z","User-2remG","camera","camera","positive","1","STATEMENT","","Author"
"26.4.1","Nikon Coolpix 4300","2024-05-21T15:13:52.777Z","User-2remG","camera","camera","positive","1","STATEMENT","","Author"
"26.5.1","Nikon Coolpix 4300","2024-05-21T15:13:52.777Z","User-2remG","camera","camera","positive","1","AFFECTIVE-REACTION","","Author"
"26.6.1","Nikon Coolpix 4300","2024-05-21T15:13:52.777Z","User-2remG","autofocus","auto focus","neutral","0","STATEMENT","fun, mode","Author"
"26.6.2","Nikon Coolpix 4300","2024-05-21T15:13:52.777Z","User-2remG","scene mode","scene mode","positive","1","STATEMENT","fun, mode","Author"
"26.7.1","Nikon Coolpix 4300","2024-05-21T15:13:52.777Z","User-2remG","accessory","accessories","positive","1","STATEMENT","mb, battery","Author"
"26.8.1","Nikon Coolpix 4300","2024-05-21T15:13:52.777Z","User-2remG","camera","camera","positive","1","STATEMENT","","Author"
"27.1.1","Nikon Coolpix 4300","2024-05-20T12:39:46.035Z","User-4t7DS","camera","camera","neutral","0","STATEMENT","","Author"
"27.2.1","Nikon Coolpix 4300","2024-05-20T12:39:46.035Z","User-4t7DS","camera","camera","positive","1","STATEMENT","","Author"
"27.3.1","Nikon Coolpix 4300","2024-05-20T12:39:46.035Z","User-4t7DS","purchase","price","positive","1","AFFECTIVE-REACTION","purchase","Author"
"27.4.1","Nikon Coolpix 4300","2024-05-20T12:39:46.035Z","User-4t7DS","picture quality","pictures","positive","1","STATEMENT","","Author"
"27.5.1","Nikon Coolpix 4300","2024-05-20T12:39:46.035Z","User-4t7DS","indoor shots","indoor shots","negative","-1","AFFECTIVE-REACTION","shots","Author"
"27.6.1","Nikon Coolpix 4300","2024-05-20T12:39:46.035Z","User-4t7DS","convenience","convenience","positive","1","STATEMENT","pictures","Author"
"27.7.1","Nikon Coolpix 4300","2024-05-20T12:39:46.035Z","User-4t7DS","camera","camera","positive","1","AFFECTIVE-REACTION","","Author"
"27.8.1","Nikon Coolpix 4300","2024-05-20T12:39:46.035Z","User-4t7DS","purchase","price","neutral","0","STATEMENT","","Author"
"27.9.1","Nikon Coolpix 4300","2024-05-20T12:39:46.035Z","User-4t7DS","battery life","battery","positive","1","STATEMENT","","Author"
"27.10.1","Nikon Coolpix 4300","2024-05-20T12:39:46.035Z","User-4t7DS","storage","storage","negative","-1","STATEMENT","","Author"
"27.11.1","Nikon Coolpix 4300","2024-05-20T12:39:46.035Z","User-4t7DS","storage","storage","neutral","0","STATEMENT","storage, amount","Author"
"27.12.1","Nikon Coolpix 4300","2024-05-20T12:39:46.035Z","User-4t7DS","controls","controls","negative","-1","STATEMENT","controls, camera, numbskulls","Author"
"27.14.1","Nikon Coolpix 4300","2024-05-20T12:39:46.035Z","User-4t7DS","regular mode","regular mode","positive","1","STATEMENT","","Author"
"27.15.1","Nikon Coolpix 4300","2024-05-20T12:39:46.035Z","User-4t7DS","scene mode","scene mode","positive","1","STATEMENT","","Author"
"27.16.1","Nikon Coolpix 4300","2024-05-20T12:39:46.035Z","User-4t7DS","optical zoom","zoom","negative","-1","AFFECTIVE-REACTION","camera","Author"
"27.17.1","Nikon Coolpix 4300","2024-05-20T12:39:46.035Z","User-4t7DS","optical setting","optics","positive","1","STATEMENT","setting, %","Author"
"27.18.1","Nikon Coolpix 4300","2024-05-20T12:39:46.035Z","User-4t7DS","camera","camera","positive","1","STATEMENT","","Others"
"28.1.1","Nikon Coolpix 4300","2024-05-02T08:18:50.566Z","User-Z2BZJ","camera","camera","positive","1","AFFECTIVE-REACTION","","Others"
"28.2.1","Nikon Coolpix 4300","2024-05-02T08:18:50.566Z","User-Z2BZJ","picture quality","pictures","positive","1","AFFECTIVE-REACTION","picture, gem","Author"
"28.3.1","Nikon Coolpix 4300","2024-05-02T08:18:50.566Z","User-Z2BZJ","nikon","camera","positive","1","AFFECTIVE-REACTION","","Author"
"28.4.1","Nikon Coolpix 4300","2024-05-02T08:18:50.566Z","User-Z2BZJ","accessory","accessories","positive","1","AFFECTIVE-REACTION","array, fun","Author"
"28.5.1","Nikon Coolpix 4300","2024-05-02T08:18:50.566Z","User-Z2BZJ","picture quality","pictures","positive","1","AFFECTIVE-REACTION","","Author"
"28.6.1","Nikon Coolpix 4300","2024-05-02T08:18:50.566Z","User-Z2BZJ","design","design","positive","1","AFFECTIVE-REACTION","quality","Author"
"28.6.2","Nikon Coolpix 4300","2024-05-02T08:18:50.566Z","User-Z2BZJ","construction","construction","positive","1","AFFECTIVE-REACTION","quality","Author"
"28.6.3","Nikon Coolpix 4300","2024-05-02T08:18:50.566Z","User-Z2BZJ","nikon optics","optics","negative","-1","AFFECTIVE-REACTION","quality","Author"
"28.7.1","Nikon Coolpix 4300","2024-05-02T08:18:50.566Z","User-Z2BZJ","other","other","neutral","0","STATEMENT","","Author"
"28.8.1","Nikon Coolpix 4300","2024-05-02T08:18:50.566Z","User-Z2BZJ","camera","camera","positive","1","STATEMENT","state, buyer, euphoria","Others"
"29.1.1","Nikon Coolpix 4300","2024-05-09T22:14:03.800Z","User-rgpTW","camera","camera","neutral","0","STATEMENT","","Author"
"29.2.1","Nikon Coolpix 4300","2024-05-09T22:14:03.800Z","User-rgpTW","camera","camera","positive","1","AFFECTIVE-REACTION","camera, functions","Author"
"30.1.1","Nikon Coolpix 4300","2024-05-22T04:44:52.815Z","User-kMuge","camera","camera","positive","1","SENTIMENT","","Author"
"30.2.1","Nikon Coolpix 4300","2024-05-22T04:44:52.815Z","User-kMuge","picture","pictures","positive","1","STATEMENT","room, pics","Author"
"30.3.1","Nikon Coolpix 4300","2024-05-22T04:44:52.815Z","User-kMuge","picture","pictures","positive","1","STATEMENT","carpet","Author"
"30.4.1","Nikon Coolpix 4300","2024-05-22T04:44:52.815Z","User-kMuge","camera","camera","positive","1","AFFECTIVE-REACTION","camera","Author"
"30.5.1","Nikon Coolpix 4300","2024-05-22T04:44:52.815Z","User-kMuge","picture quality","pictures","positive","1","AFFECTIVE-REACTION","picture","Others"
"30.5.2","Nikon Coolpix 4300","2024-05-22T04:44:52.815Z","User-kMuge","movie","movie","positive","1","AFFECTIVE-REACTION","picture","Others"
"30.6.1","Nikon Coolpix 4300","2024-05-22T04:44:52.815Z","User-kMuge","connection","connection","neutral","0","STATEMENT","windows","Author"
"30.7.1","Nikon Coolpix 4300","2024-05-22T04:44:52.815Z","User-kMuge","other","other","neutral","0","STATEMENT","windows","Others"
"30.8.1","Nikon Coolpix 4300","2024-05-22T04:44:52.815Z","User-kMuge","connection","connection","positive","1","AFFECTIVE-REACTION","parent","Author"
"30.9.1","Nikon Coolpix 4300","2024-05-22T04:44:52.815Z","User-kMuge","lense cap","lens","positive","1","AFFECTIVE-REACTION","","Author"
"30.10.1","Nikon Coolpix 4300","2024-05-22T04:44:52.815Z","User-kMuge","battery","battery","positive","1","AFFECTIVE-REACTION","","Author"
"30.11.1","Nikon Coolpix 4300","2024-05-22T04:44:52.815Z","User-kMuge","camera","camera","positive","1","AFFECTIVE-REACTION","fine, camera","Author"
"31.1.1","Nikon Coolpix 4300","2024-05-05T11:56:47.080Z","User-Vqlhf","camera","camera","positive","1","STATEMENT","","Author"
"31.2.1","Nikon Coolpix 4300","2024-05-05T11:56:47.080Z","User-Vqlhf","ease of use","usability","positive","1","AFFECTIVE-REACTION","photographers, beginners","Author"
"31.2.2","Nikon Coolpix 4300","2024-05-05T11:56:47.080Z","User-Vqlhf","features","features","positive","1","SENTIMENT","photographers, beginners","Author"
"31.3.1","Nikon Coolpix 4300","2024-05-05T11:56:47.080Z","User-Vqlhf","weight","weight","positive","1","AFFECTIVE-REACTION","enough, pix, weight","Author"
"31.3.2","Nikon Coolpix 4300","2024-05-05T11:56:47.080Z","User-Vqlhf","picture","pictures","positive","1","AFFECTIVE-REACTION","enough, pix, weight","Author"
"31.4.1","Nikon Coolpix 4300","2024-05-05T11:56:47.080Z","User-Vqlhf","continuous shot mode","continuous shot mode","positive","1","SENTIMENT","shot, succession, action","Author"
"31.5.1","Nikon Coolpix 4300","2024-05-05T11:56:47.080Z","User-Vqlhf","photo quality","pictures","positive","1","SENTIMENT","quality","Author"
"31.6.1","Nikon Coolpix 4300","2024-05-05T11:56:47.080Z","User-Vqlhf","8mb card","memory card","negative","-1","AFFECTIVE-REACTION","","Author"
"31.7.1","Nikon Coolpix 4300","2024-05-05T11:56:47.080Z","User-Vqlhf","8mb","memory card","negative","-1","STATEMENT","","Author"
"31.8.1","Nikon Coolpix 4300","2024-05-05T11:56:47.080Z","User-Vqlhf","memory card","memory card","positive","1","AFFECTIVE-REACTION","","Author"
"31.9.1","Nikon Coolpix 4300","2024-05-05T11:56:47.080Z","User-Vqlhf","memory card","memory card","neutral","0","STATEMENT","","Author"
"32.1.1","Nikon Coolpix 4300","2024-05-21T09:43:24.014Z","User-DMF9k","camera","camera","positive","1","STATEMENT","","Author"
"32.2.1","Nikon Coolpix 4300","2024-05-21T09:43:24.014Z","User-DMF9k","camera","camera","positive","1","STATEMENT","","Author"
"32.3.1","Nikon Coolpix 4300","2024-05-21T09:43:24.014Z","User-DMF9k","feature","feature","positive","1","AFFECTIVE-REACTION","amatuer","Author"
"32.4.1","Nikon Coolpix 4300","2024-05-21T09:43:24.014Z","User-DMF9k","use","usability","positive","1","AFFECTIVE-REACTION","","Author"
"32.5.1","Nikon Coolpix 4300","2024-05-21T09:43:24.014Z","User-DMF9k","size","size","positive","1","AFFECTIVE-REACTION","controls","Author"
"32.6.1","Nikon Coolpix 4300","2024-05-21T09:43:24.014Z","User-DMF9k","optical zoom","zoom","positive","1","STATEMENT","lenses, angles","Author"
"32.7.1","Nikon Coolpix 4300","2024-05-21T09:43:24.014Z","User-DMF9k","memory card","memory card","positive","1","STATEMENT","devices","Author"
"32.8.1","Nikon Coolpix 4300","2024-05-21T09:43:24.014Z","User-DMF9k","support","support","positive","1","AFFECTIVE-REACTION","coolpix, line, parts","Others"
"32.9.1","Nikon Coolpix 4300","2024-05-21T09:43:24.014Z","User-DMF9k","picture quality","pictures","positive","1","AFFECTIVE-REACTION","","Author"
"32.10.1","Nikon Coolpix 4300","2024-05-21T09:43:24.014Z","User-DMF9k","battery life","battery","positive","1","AFFECTIVE-REACTION","","Author"
"32.11.1","Nikon Coolpix 4300","2024-05-21T09:43:24.014Z","User-DMF9k","zoom","zoom","positive","1","AFFECTIVE-REACTION","","Author"
"32.12.1","Nikon Coolpix 4300","2024-05-21T09:43:24.014Z","User-DMF9k","price","price","positive","1","AFFECTIVE-REACTION","price","Author"
"32.13.1","Nikon Coolpix 4300","2024-05-21T09:43:24.014Z","User-DMF9k","camera","camera","negative","-1","STATEMENT","camera","Others"
"32.14.1","Nikon Coolpix 4300","2024-05-21T09:43:24.014Z","User-DMF9k","firewire","firewire","negative","-1","AFFECTIVE-REACTION","","Author"
"32.15.1","Nikon Coolpix 4300","2024-05-21T09:43:24.014Z","User-DMF9k","usb","usb","positive","1","STATEMENT","","Author"
"32.16.1","Nikon Coolpix 4300","2024-05-21T09:43:24.014Z","User-DMF9k","viewfinder","viewfinder","negative","-1","STATEMENT","viewfinder","Others"
"32.18.1","Nikon Coolpix 4300","2024-05-21T09:43:24.014Z","User-DMF9k","viewfinder","viewfinder","positive","1","STATEMENT","","Author"
"32.19.1","Nikon Coolpix 4300","2024-05-21T09:43:24.014Z","User-DMF9k","viewfinder","viewfinder","neutral","0","STATEMENT","","Author"
"32.20.1","Nikon Coolpix 4300","2024-05-21T09:43:24.014Z","User-DMF9k","battery","battery","negative","-1","STATEMENT","","Author"
"32.21.1","Nikon Coolpix 4300","2024-05-21T09:43:24.014Z","User-DMF9k","adapter","adapter","negative","-1","STATEMENT","","Author"
"32.22.1","Nikon Coolpix 4300","2024-05-21T09:43:24.014Z","User-DMF9k","adapter","adapter","negative","-1","STATEMENT","","Author"
"32.23.1","Nikon Coolpix 4300","2024-05-21T09:43:24.014Z","User-DMF9k","camera","camera","neutral","0","STATEMENT","","Others"
"33.1.1","Nikon Coolpix 4300","2024-05-13T14:51:02.922Z","User-ecFmx","other","other","neutral","0","STATEMENT","","Author"
"33.2.1","Nikon Coolpix 4300","2024-05-13T14:51:02.922Z","User-ecFmx","image","pictures","positive","1","AFFECTIVE-REACTION","camera, images","Author"
"33.3.1","Nikon Coolpix 4300","2024-05-13T14:51:02.922Z","User-ecFmx","auto mode","auto mode","positive","1","AFFECTIVE-REACTION","scene, mode","Author"
"33.3.2","Nikon Coolpix 4300","2024-05-13T14:51:02.922Z","User-ecFmx","scene mode","scene mode","positive","1","STATEMENT","scene, mode","Author"
"33.3.3","Nikon Coolpix 4300","2024-05-13T14:51:02.922Z","User-ecFmx","manual mode","manual mode","positive","1","STATEMENT","scene, mode","Author"
"33.4.1","Nikon Coolpix 4300","2024-05-13T14:51:02.922Z","User-ecFmx","size","size","positive","1","AFFECTIVE-REACTION","size, travel","Author"
"33.5.1","Nikon Coolpix 4300","2024-05-13T14:51:02.922Z","User-ecFmx","camera","camera","positive","1","AFFECTIVE-REACTION","camera","Author"
"34.1.1","Nikon Coolpix 4300","2024-05-09T19:38:41.720Z","User-vIXpz","camera","camera","positive","1","AFFECTIVE-REACTION","package","Author"
"34.2.1","Nikon Coolpix 4300","2024-05-09T19:38:41.720Z","User-vIXpz","camera chip","camera chip","neutral","0","STATEMENT","zoom, closeup","Author"
"34.2.2","Nikon Coolpix 4300","2024-05-09T19:38:41.720Z","User-vIXpz","zoom","zoom","neutral","0","STATEMENT","zoom, closeup","Author"
"34.2.3","Nikon Coolpix 4300","2024-05-09T19:38:41.720Z","User-vIXpz","closeup mode","closeup mode","positive","1","AFFECTIVE-REACTION","zoom, closeup","Author"
"34.2.4","Nikon Coolpix 4300","2024-05-09T19:38:41.720Z","User-vIXpz","battery","battery","positive","1","AFFECTIVE-REACTION","zoom, closeup","Author"
"34.3.1","Nikon Coolpix 4300","2024-05-09T19:38:41.720Z","User-vIXpz","camera","camera","neutral","0","STATEMENT","images","Author"
"34.3.2","Nikon Coolpix 4300","2024-05-09T19:38:41.720Z","User-vIXpz","usability","usability","positive","1","AFFECTIVE-REACTION","images","Author"
"34.3.3","Nikon Coolpix 4300","2024-05-09T19:38:41.720Z","User-vIXpz","size","size","positive","1","AFFECTIVE-REACTION","images","Author"
"34.3.4","Nikon Coolpix 4300","2024-05-09T19:38:41.720Z","User-vIXpz","image quality","pictures","positive","1","AFFECTIVE-REACTION","images","Author"
