"ID","product","time","user","aspect","norm_asp","polarity","norm_pol","sarst"
"1.1.1","Nikon Coolpix 4300","2024-05-25T11:45:17.461Z","User-0iEcf","camera","camera","positive","1","AFFECTIVE-REACTION"
"1.2.1","Nikon Coolpix 4300","2024-05-25T11:45:17.461Z","User-0iEcf","pictures","pictures","positive","1","STATEMENT"
"1.2.2","Nikon Coolpix 4300","2024-05-25T11:45:17.461Z","User-0iEcf","macro","macro","positive","1","STATEMENT"
"1.3.1","Nikon Coolpix 4300","2024-05-25T11:45:17.461Z","User-0iEcf","size","size","positive","1","AFFECTIVE-REACTION"
"1.4.1","Nikon Coolpix 4300","2024-05-25T11:45:17.461Z","User-0iEcf","weight","weight","positive","1","AFFECTIVE-REACTION"
"1.5.1","Nikon Coolpix 4300","2024-05-25T11:45:17.461Z","User-0iEcf","feature","feature","positive","1","AFFECTIVE-REACTION"
"1.6.1","Nikon Coolpix 4300","2024-05-25T11:45:17.461Z","User-0iEcf","manual","manual","positive","1","AFFECTIVE-REACTION"
"1.7.1","Nikon Coolpix 4300","2024-05-25T11:45:17.461Z","User-0iEcf","auto-focus","auto focus","neutral","0","STATEMENT"
"1.7.2","Nikon Coolpix 4300","2024-05-25T11:45:17.461Z","User-0iEcf","scene modes","scene modes","positive","1","SENTIMENT"
"1.8.1","Nikon Coolpix 4300","2024-05-25T11:45:17.461Z","User-0iEcf","rechargeable battery","battery","positive","1","AFFECTIVE-REACTION"
"1.9.1","Nikon Coolpix 4300","2024-05-25T11:45:17.461Z","User-0iEcf","memory card","memory card","neutral","0","STATEMENT"
"1.9.2","Nikon Coolpix 4300","2024-05-25T11:45:17.461Z","User-0iEcf","battery","battery","positive","1","STATEMENT"
"1.10.1","Nikon Coolpix 4300","2024-05-25T11:45:17.461Z","User-0iEcf","camera","camera","positive","1","AFFECTIVE-REACTION"
"2.1.1","Nikon Coolpix 4300","2024-05-02T02:27:30.057Z","User-KLtlu","camera","camera","neutral","0","STATEMENT"
"2.1.2","Nikon Coolpix 4300","2024-05-02T02:27:30.057Z","User-KLtlu","experience","experience","neutral","0","STATEMENT"
"2.1.3","Nikon Coolpix 4300","2024-05-02T02:27:30.057Z","User-KLtlu","level","level","neutral","0","STATEMENT"
"2.2.1","Nikon Coolpix 4300","2024-05-02T02:27:30.057Z","User-KLtlu","camera","camera","neutral","0","STATEMENT"
"2.2.2","Nikon Coolpix 4300","2024-05-02T02:27:30.057Z","User-KLtlu","budget","price","neutral","0","STATEMENT"
"2.2.3","Nikon Coolpix 4300","2024-05-02T02:27:30.057Z","User-KLtlu","reviews","reviews","positive","1","STATEMENT"
"2.3.1","Nikon Coolpix 4300","2024-05-02T02:27:30.057Z","User-KLtlu","camera","camera","positive","1","AFFECTIVE-REACTION"
"2.3.2","Nikon Coolpix 4300","2024-05-02T02:27:30.057Z","User-KLtlu","use","usability","positive","1","AFFECTIVE-REACTION"
"2.3.3","Nikon Coolpix 4300","2024-05-02T02:27:30.057Z","User-KLtlu","feature","feature","positive","1","AFFECTIVE-REACTION"
"2.4.1","Nikon Coolpix 4300","2024-05-02T02:27:30.057Z","User-KLtlu","auto mode","auto mode","neutral","0","STATEMENT"
"2.4.2","Nikon Coolpix 4300","2024-05-02T02:27:30.057Z","User-KLtlu","scene mode","scene mode","positive","1","AFFECTIVE-REACTION"
"2.5.1","Nikon Coolpix 4300","2024-05-02T02:27:30.057Z","User-KLtlu","manual mode","manual mode","positive","1","AFFECTIVE-REACTION"
"2.5.2","Nikon Coolpix 4300","2024-05-02T02:27:30.057Z","User-KLtlu","experience","experience","positive","1","STATEMENT"
"2.6.1","Nikon Coolpix 4300","2024-05-02T02:27:30.057Z","User-KLtlu","macro mode","macro mode","negative","-1","AFFECTIVE-REACTION"
"2.6.2","Nikon Coolpix 4300","2024-05-02T02:27:30.057Z","User-KLtlu","picture quality","pictures","neutral","0","STATEMENT"
"2.6.3","Nikon Coolpix 4300","2024-05-02T02:27:30.057Z","User-KLtlu","lens","lens","positive","1","AFFECTIVE-REACTION"
"2.7.1","Nikon Coolpix 4300","2024-05-02T02:27:30.057Z","User-KLtlu","battery life","battery","positive","1","AFFECTIVE-REACTION"
"2.7.2","Nikon Coolpix 4300","2024-05-02T02:27:30.057Z","User-KLtlu","usage","usage","neutral","0","STATEMENT"
"2.7.3","Nikon Coolpix 4300","2024-05-02T02:27:30.057Z","User-KLtlu","usage","usage","positive","1","STATEMENT"
"2.8.1","Nikon Coolpix 4300","2024-05-02T02:27:30.057Z","User-KLtlu","memory card","memory card","negative","-1","STATEMENT"
"2.8.2","Nikon Coolpix 4300","2024-05-02T02:27:30.057Z","User-KLtlu","storage capacity","storage capacity","positive","1","AFFECTIVE-REACTION"
"2.8.3","Nikon Coolpix 4300","2024-05-02T02:27:30.057Z","User-KLtlu","intention","intention","positive","1","AFFECTIVE-REACTION"
"3.1.1","Nikon Coolpix 4300","2024-05-07T09:50:53.928Z","User-chmhr","other","other","positive","1","SENTIMENT"
"3.2.1","Nikon Coolpix 4300","2024-05-07T09:50:53.928Z","User-chmhr","other","other","neutral","0","STATEMENT"
"3.3.1","Nikon Coolpix 4300","2024-05-07T09:50:53.928Z","User-chmhr","nikon coolpix 4300","camera","positive","1","STATEMENT"
"3.4.1","Nikon Coolpix 4300","2024-05-07T09:50:53.928Z","User-chmhr","camera","camera","positive","1","SENTIMENT"
"3.4.2","Nikon Coolpix 4300","2024-05-07T09:50:53.928Z","User-chmhr","use","usability","positive","1","AFFECTIVE-REACTION"
"3.5.1","Nikon Coolpix 4300","2024-05-07T09:50:53.928Z","User-chmhr","features","features","positive","1","STATEMENT"
"3.6.1","Nikon Coolpix 4300","2024-05-07T09:50:53.928Z","User-chmhr","camera","camera","positive","1","AFFECTIVE-REACTION"
"4.1.1","Nikon Coolpix 4300","2024-05-20T05:46:11.369Z","User-QX6DW","nikon coolpix 4300","camera","neutral","0","STATEMENT"
"4.2.1","Nikon Coolpix 4300","2024-05-20T05:46:11.369Z","User-QX6DW","other","other","neutral","0","STATEMENT"
"4.3.1","Nikon Coolpix 4300","2024-05-20T05:46:11.369Z","User-QX6DW","other","other","neutral","0","STATEMENT"
"4.4.1","Nikon Coolpix 4300","2024-05-20T05:46:11.369Z","User-QX6DW","price","price","neutral","0","STATEMENT"
"4.5.1","Nikon Coolpix 4300","2024-05-20T05:46:11.369Z","User-QX6DW","other","other","positive","1","AFFECTIVE-REACTION"
"4.6.1","Nikon Coolpix 4300","2024-05-20T05:46:11.369Z","User-QX6DW","picture quality","pictures","positive","1","AFFECTIVE-REACTION"
"4.7.1","Nikon Coolpix 4300","2024-05-20T05:46:11.369Z","User-QX6DW","transfer","transfer","negative","-1","AFFECTIVE-REACTION"
"4.8.1","Nikon Coolpix 4300","2024-05-20T05:46:11.369Z","User-QX6DW","card reader","card reader","negative","-1","SENTIMENT"
"4.9.1","Nikon Coolpix 4300","2024-05-20T05:46:11.369Z","User-QX6DW","card reader","card reader","positive","1","STATEMENT"
"4.10.1","Nikon Coolpix 4300","2024-05-20T05:46:11.369Z","User-QX6DW","speed","speed","negative","-1","STATEMENT"
"4.11.1","Nikon Coolpix 4300","2024-05-20T05:46:11.369Z","User-QX6DW","memory chip","memory card","negative","-1","STATEMENT"
"4.12.1","Nikon Coolpix 4300","2024-05-20T05:46:11.369Z","User-QX6DW","memory card","memory card","positive","1","STATEMENT"
"4.13.1","Nikon Coolpix 4300","2024-05-20T05:46:11.369Z","User-QX6DW","battery","battery","negative","-1","STATEMENT"
"5.1.1","Nikon Coolpix 4300","2024-05-15T04:44:33.768Z","User-7lget","camera","camera","positive","1","STATEMENT"
"5.2.1","Nikon Coolpix 4300","2024-05-15T04:44:33.768Z","User-7lget","camera","camera","negative","-1","STATEMENT"
"5.3.1","Nikon Coolpix 4300","2024-05-15T04:44:33.768Z","User-7lget","auto mode","auto mode","negative","-1","STATEMENT"
"5.4.1","Nikon Coolpix 4300","2024-05-15T04:44:33.768Z","User-7lget","autofocussing","auto focus","negative","-1","STATEMENT"
"5.5.1","Nikon Coolpix 4300","2024-05-15T04:44:33.768Z","User-7lget","date; time","date; time","negative","-1","STATEMENT"
"5.6.1","Nikon Coolpix 4300","2024-05-15T04:44:33.768Z","User-7lget","date; time","date; time","negative","-1","STATEMENT"
"5.7.1","Nikon Coolpix 4300","2024-05-15T04:44:33.768Z","User-7lget","date; time","date; time","negative","-1","STATEMENT"
"5.8.1","Nikon Coolpix 4300","2024-05-15T04:44:33.768Z","User-7lget","image quality","pictures","negative","-1","AFFECTIVE-REACTION"
"5.9.1","Nikon Coolpix 4300","2024-05-15T04:44:33.768Z","User-7lget","indoor image","indoor image","negative","-1","STATEMENT"
"5.10.1","Nikon Coolpix 4300","2024-05-15T04:44:33.768Z","User-7lget","flash","flash","negative","-1","STATEMENT"
"5.11.1","Nikon Coolpix 4300","2024-05-15T04:44:33.768Z","User-7lget","lens cap","lens","negative","-1","AFFECTIVE-REACTION"
"5.12.1","Nikon Coolpix 4300","2024-05-15T04:44:33.768Z","User-7lget","memory card","memory card","negative","-1","STATEMENT"
"5.13.1","Nikon Coolpix 4300","2024-05-15T04:44:33.768Z","User-7lget","picture quality","pictures","neutral","0","STATEMENT"
"5.14.1","Nikon Coolpix 4300","2024-05-15T04:44:33.768Z","User-7lget","movie clips","movie clips","negative","-1","AFFECTIVE-REACTION"
"5.15.1","Nikon Coolpix 4300","2024-05-15T04:44:33.768Z","User-7lget","camera","camera","positive","1","AFFECTIVE-REACTION"
"5.15.2","Nikon Coolpix 4300","2024-05-15T04:44:33.768Z","User-7lget","picture","pictures","positive","1","AFFECTIVE-REACTION"
"5.16.1","Nikon Coolpix 4300","2024-05-15T04:44:33.768Z","User-7lget","picture quality","pictures","positive","1","STATEMENT"
"6.1.1","Nikon Coolpix 4300","2024-05-13T02:18:51.436Z","User-qXFJW","menu dial knob","menu","negative","-1","STATEMENT"
"6.2.1","Nikon Coolpix 4300","2024-05-13T02:18:51.436Z","User-qXFJW","menu dial knob","menu","negative","-1","AFFECTIVE-REACTION"
"6.3.1","Nikon Coolpix 4300","2024-05-13T02:18:51.436Z","User-qXFJW","servicing","service","negative","-1","AFFECTIVE-REACTION"
"6.4.1","Nikon Coolpix 4300","2024-05-13T02:18:51.436Z","User-qXFJW","service","service","negative","-1","STATEMENT"
"6.5.1","Nikon Coolpix 4300","2024-05-13T02:18:51.436Z","User-qXFJW","service","service","negative","-1","STATEMENT"
"6.6.1","Nikon Coolpix 4300","2024-05-13T02:18:51.436Z","User-qXFJW","camera","camera","positive","1","AFFECTIVE-REACTION"
"6.6.2","Nikon Coolpix 4300","2024-05-13T02:18:51.436Z","User-qXFJW","customer service","service","negative","-1","STATEMENT"
"7.1.1","Nikon Coolpix 4300","2024-05-15T11:41:19.294Z","User-BHboy","system error","system error","negative","-1","AFFECTIVE-REACTION"
"7.2.1","Nikon Coolpix 4300","2024-05-15T11:41:19.294Z","User-BHboy","camera","camera","negative","-1","AFFECTIVE-REACTION"
"7.3.1","Nikon Coolpix 4300","2024-05-15T11:41:19.294Z","User-BHboy","lens cap design","lens","negative","-1","AFFECTIVE-REACTION"
"7.4.1","Nikon Coolpix 4300","2024-05-15T11:41:19.294Z","User-BHboy","lens cap","lens","negative","-1","STATEMENT"
"7.5.1","Nikon Coolpix 4300","2024-05-15T11:41:19.294Z","User-BHboy","audio on video","audio on video","negative","-1","AFFECTIVE-REACTION"
"7.6.1","Nikon Coolpix 4300","2024-05-15T11:41:19.294Z","User-BHboy","pictures quality","pictures","positive","1","AFFECTIVE-REACTION"
"7.6.2","Nikon Coolpix 4300","2024-05-15T11:41:19.294Z","User-BHboy","shutter delay","shutter delay","neutral","0","STATEMENT"
"7.7.1","Nikon Coolpix 4300","2024-05-15T11:41:19.294Z","User-BHboy","service","service","neutral","0","STATEMENT"
"8.1.1","Nikon Coolpix 4300","2024-05-21T01:42:29.886Z","User-YI7F4","other","other","neutral","0","STATEMENT"
"8.2.1","Nikon Coolpix 4300","2024-05-21T01:42:29.886Z","User-YI7F4","camera","camera","positive","1","AFFECTIVE-REACTION"
"8.3.1","Nikon Coolpix 4300","2024-05-21T01:42:29.886Z","User-YI7F4","other","other","neutral","0","STATEMENT"
"8.4.1","Nikon Coolpix 4300","2024-05-21T01:42:29.886Z","User-YI7F4","other","other","neutral","0","STATEMENT"
"8.5.1","Nikon Coolpix 4300","2024-05-21T01:42:29.886Z","User-YI7F4","other","other","negative","-1","STATEMENT"
"8.6.1","Nikon Coolpix 4300","2024-05-21T01:42:29.886Z","User-YI7F4","other","other","neutral","0","STATEMENT"
"8.7.1","Nikon Coolpix 4300","2024-05-21T01:42:29.886Z","User-YI7F4","other","other","positive","1","STATEMENT"
"8.8.1","Nikon Coolpix 4300","2024-05-21T01:42:29.886Z","User-YI7F4","other","other","neutral","0","STATEMENT"
"8.9.1","Nikon Coolpix 4300","2024-05-21T01:42:29.886Z","User-YI7F4","nikon coolpix 4300","camera","neutral","0","STATEMENT"
"8.10.1","Nikon Coolpix 4300","2024-05-21T01:42:29.886Z","User-YI7F4","settings","settings","neutral","0","STATEMENT"
"8.10.2","Nikon Coolpix 4300","2024-05-21T01:42:29.886Z","User-YI7F4","size","size","neutral","0","STATEMENT"
"8.10.3","Nikon Coolpix 4300","2024-05-21T01:42:29.886Z","User-YI7F4","price","price","neutral","0","STATEMENT"
"8.10.4","Nikon Coolpix 4300","2024-05-21T01:42:29.886Z","User-YI7F4","brand","brand","neutral","0","STATEMENT"
"8.10.5","Nikon Coolpix 4300","2024-05-21T01:42:29.886Z","User-YI7F4","software","software","neutral","0","STATEMENT"
"8.11.1","Nikon Coolpix 4300","2024-05-21T01:42:29.886Z","User-YI7F4","camera","camera","positive","1","SENTIMENT"
"8.12.1","Nikon Coolpix 4300","2024-05-21T01:42:29.886Z","User-YI7F4","picture","pictures","positive","1","AFFECTIVE-REACTION"
"8.13.1","Nikon Coolpix 4300","2024-05-21T01:42:29.886Z","User-YI7F4","camera","camera","negative","-1","AFFECTIVE-REACTION"
"8.14.1","Nikon Coolpix 4300","2024-05-21T01:42:29.886Z","User-YI7F4","indoor setting","indoor setting","negative","-1","AFFECTIVE-REACTION"
"8.15.1","Nikon Coolpix 4300","2024-05-21T01:42:29.886Z","User-YI7F4","delay","delay","negative","-1","AFFECTIVE-REACTION"
"8.16.1","Nikon Coolpix 4300","2024-05-21T01:42:29.886Z","User-YI7F4","picture quality","pictures","negative","-1","AFFECTIVE-REACTION"
"8.17.1","Nikon Coolpix 4300","2024-05-21T01:42:29.886Z","User-YI7F4","camera problems","camera problems","negative","-1","STATEMENT"
"8.18.1","Nikon Coolpix 4300","2024-05-21T01:42:29.886Z","User-YI7F4","tripod","tripod","neutral","0","STATEMENT"
"8.19.1","Nikon Coolpix 4300","2024-05-21T01:42:29.886Z","User-YI7F4","256 mb","memory card","neutral","0","STATEMENT"
"8.19.2","Nikon Coolpix 4300","2024-05-21T01:42:29.886Z","User-YI7F4","usb card reader","usb","neutral","0","STATEMENT"
"8.19.3","Nikon Coolpix 4300","2024-05-21T01:42:29.886Z","User-YI7F4","camera bag","camera bag","negative","-1","STATEMENT"
"8.19.4","Nikon Coolpix 4300","2024-05-21T01:42:29.886Z","User-YI7F4","warranty","service","negative","-1","STATEMENT"
"8.20.1","Nikon Coolpix 4300","2024-05-21T01:42:29.886Z","User-YI7F4","pictures","pictures","positive","1","STATEMENT"
"8.21.1","Nikon Coolpix 4300","2024-05-21T01:42:29.886Z","User-YI7F4","other","other","neutral","0","STATEMENT"
"8.22.1","Nikon Coolpix 4300","2024-05-21T01:42:29.886Z","User-YI7F4","photographs","photographs","positive","1","SENTIMENT"
"8.23.1","Nikon Coolpix 4300","2024-05-21T01:42:29.886Z","User-YI7F4","photographs","photographs","positive","1","AFFECTIVE-REACTION"
"9.1.1","Nikon Coolpix 4300","2024-05-27T12:29:53.484Z","User-bTgJG","other","other","negative","-1","STATEMENT"
"9.2.1","Nikon Coolpix 4300","2024-05-27T12:29:53.484Z","User-bTgJG","4300","camera","positive","1","SENTIMENT"
"9.3.1","Nikon Coolpix 4300","2024-05-27T12:29:53.484Z","User-bTgJG","lense","lens","positive","1","AFFECTIVE-REACTION"
"9.3.2","Nikon Coolpix 4300","2024-05-27T12:29:53.484Z","User-bTgJG","pictures","pictures","positive","1","AFFECTIVE-REACTION"
"9.4.1","Nikon Coolpix 4300","2024-05-27T12:29:53.484Z","User-bTgJG","auto","auto mode","neutral","0","STATEMENT"
"9.4.2","Nikon Coolpix 4300","2024-05-27T12:29:53.484Z","User-bTgJG","scene mode","scene mode","neutral","0","STATEMENT"
"9.5.1","Nikon Coolpix 4300","2024-05-27T12:29:53.484Z","User-bTgJG","movie mode","movie mode","positive","1","AFFECTIVE-REACTION"
"9.6.1","Nikon Coolpix 4300","2024-05-27T12:29:53.484Z","User-bTgJG","software","software","positive","1","AFFECTIVE-REACTION"
"9.6.2","Nikon Coolpix 4300","2024-05-27T12:29:53.484Z","User-bTgJG","accessories","accessories","positive","1","STATEMENT"
"9.7.1","Nikon Coolpix 4300","2024-05-27T12:29:53.484Z","User-bTgJG","memory card","memory card","neutral","0","STATEMENT"
"9.8.1","Nikon Coolpix 4300","2024-05-27T12:29:53.484Z","User-bTgJG","print ordering","print","positive","1","AFFECTIVE-REACTION"
"9.9.1","Nikon Coolpix 4300","2024-05-27T12:29:53.484Z","User-bTgJG","print quality","print","positive","1","STATEMENT"
"9.10.1","Nikon Coolpix 4300","2024-05-27T12:29:53.484Z","User-bTgJG","battery life","battery","positive","1","AFFECTIVE-REACTION"
"9.10.2","Nikon Coolpix 4300","2024-05-27T12:29:53.484Z","User-bTgJG","battery usage","battery","negative","-1","STATEMENT"
"9.11.1","Nikon Coolpix 4300","2024-05-27T12:29:53.484Z","User-bTgJG","battery","battery","neutral","0","STATEMENT"
"9.11.2","Nikon Coolpix 4300","2024-05-27T12:29:53.484Z","User-bTgJG","charging speed","charging speed","positive","1","STATEMENT"
"9.12.1","Nikon Coolpix 4300","2024-05-27T12:29:53.484Z","User-bTgJG","accessory kit","accessories","positive","1","AFFECTIVE-REACTION"
"9.13.1","Nikon Coolpix 4300","2024-05-27T12:29:53.484Z","User-bTgJG","camera bag","camera bag","positive","1","AFFECTIVE-REACTION"
"9.14.1","Nikon Coolpix 4300","2024-05-27T12:29:53.484Z","User-bTgJG","accessory kit","accessories","positive","1","STATEMENT"
"9.15.1","Nikon Coolpix 4300","2024-05-27T12:29:53.484Z","User-bTgJG","camera","camera","positive","1","AFFECTIVE-REACTION"
"10.1.1","Nikon Coolpix 4300","2024-05-10T20:02:40.638Z","User-qS59n","review","review","positive","1","STATEMENT"
"10.2.1","Nikon Coolpix 4300","2024-05-10T20:02:40.638Z","User-qS59n","other","other","positive","1","AFFECTIVE-REACTION"
"10.3.1","Nikon Coolpix 4300","2024-05-10T20:02:40.638Z","User-qS59n","other","other","negative","-1","STATEMENT"
"10.4.1","Nikon Coolpix 4300","2024-05-10T20:02:40.638Z","User-qS59n","coolpix 4300","camera","neutral","0","STATEMENT"
"10.5.1","Nikon Coolpix 4300","2024-05-10T20:02:40.638Z","User-qS59n","picture","pictures","negative","-1","STATEMENT"
"10.6.1","Nikon Coolpix 4300","2024-05-10T20:02:40.638Z","User-qS59n","other","other","positive","1","STATEMENT"
"10.7.1","Nikon Coolpix 4300","2024-05-10T20:02:40.638Z","User-qS59n","other","other","positive","1","AFFECTIVE-REACTION"
"10.8.1","Nikon Coolpix 4300","2024-05-10T20:02:40.638Z","User-qS59n","blurriness","blurriness","neutral","0","STATEMENT"
"10.9.1","Nikon Coolpix 4300","2024-05-10T20:02:40.638Z","User-qS59n","other","other","positive","1","STATEMENT"
"10.10.1","Nikon Coolpix 4300","2024-05-10T20:02:40.638Z","User-qS59n","features","features","positive","1","AFFECTIVE-REACTION"
"10.11.1","Nikon Coolpix 4300","2024-05-10T20:02:40.638Z","User-qS59n","camera","camera","negative","-1","AFFECTIVE-REACTION"
"11.1.1","Nikon Coolpix 4300","2024-05-05T14:21:56.386Z","User-r6Mwo","nikon 4300","camera","neutral","0","STATEMENT"
"11.2.1","Nikon Coolpix 4300","2024-05-05T14:21:56.386Z","User-r6Mwo","camera","camera","neutral","0","STATEMENT"
"11.3.1","Nikon Coolpix 4300","2024-05-05T14:21:56.386Z","User-r6Mwo","picture","pictures","positive","1","AFFECTIVE-REACTION"
"11.4.1","Nikon Coolpix 4300","2024-05-05T14:21:56.386Z","User-r6Mwo","digital zoom","zoom","positive","1","STATEMENT"
"11.4.2","Nikon Coolpix 4300","2024-05-05T14:21:56.386Z","User-r6Mwo","optical zoom","zoom","positive","1","STATEMENT"
"11.5.1","Nikon Coolpix 4300","2024-05-05T14:21:56.386Z","User-r6Mwo","picture","pictures","negative","-1","AFFECTIVE-REACTION"
"11.5.2","Nikon Coolpix 4300","2024-05-05T14:21:56.386Z","User-r6Mwo","deleting pics","deleting pics","negative","-1","AFFECTIVE-REACTION"
"11.5.3","Nikon Coolpix 4300","2024-05-05T14:21:56.386Z","User-r6Mwo","focusing","focusing","negative","-1","AFFECTIVE-REACTION"
"11.5.4","Nikon Coolpix 4300","2024-05-05T14:21:56.386Z","User-r6Mwo","lighting adjustments","lighting adjustments","neutral","0","STATEMENT"
"11.5.5","Nikon Coolpix 4300","2024-05-05T14:21:56.386Z","User-r6Mwo","camera","camera","positive","1","AFFECTIVE-REACTION"
"11.6.1","Nikon Coolpix 4300","2024-05-05T14:21:56.386Z","User-r6Mwo","picture","pictures","positive","1","SENTIMENT"
"11.7.1","Nikon Coolpix 4300","2024-05-05T14:21:56.386Z","User-r6Mwo","sunset feature","sunset feature","positive","1","AFFECTIVE-REACTION"
"11.8.1","Nikon Coolpix 4300","2024-05-05T14:21:56.386Z","User-r6Mwo","software","software","positive","1","AFFECTIVE-REACTION"
"11.9.1","Nikon Coolpix 4300","2024-05-05T14:21:56.386Z","User-r6Mwo","touchups","touchups","positive","1","AFFECTIVE-REACTION"
"11.9.2","Nikon Coolpix 4300","2024-05-05T14:21:56.386Z","User-r6Mwo","redeye","redeye","positive","1","AFFECTIVE-REACTION"
"11.10.1","Nikon Coolpix 4300","2024-05-05T14:21:56.386Z","User-r6Mwo","memory card","memory card","positive","1","STATEMENT"
"11.11.1","Nikon Coolpix 4300","2024-05-05T14:21:56.386Z","User-r6Mwo","memory card","memory card","neutral","0","STATEMENT"
"11.11.2","Nikon Coolpix 4300","2024-05-05T14:21:56.386Z","User-r6Mwo","resolution","resolution","positive","1","AFFECTIVE-REACTION"
"11.12.1","Nikon Coolpix 4300","2024-05-05T14:21:56.386Z","User-r6Mwo","picture","pictures","neutral","0","STATEMENT"
"11.13.1","Nikon Coolpix 4300","2024-05-05T14:21:56.386Z","User-r6Mwo","battery life","battery","positive","1","AFFECTIVE-REACTION"
"11.13.2","Nikon Coolpix 4300","2024-05-05T14:21:56.386Z","User-r6Mwo","rechargeable batteries","battery","neutral","0","STATEMENT"
"11.13.3","Nikon Coolpix 4300","2024-05-05T14:21:56.386Z","User-r6Mwo","alkaline backup","alkaline backup","neutral","0","STATEMENT"
"11.13.4","Nikon Coolpix 4300","2024-05-05T14:21:56.386Z","User-r6Mwo","emergency pics","pictures","neutral","0","STATEMENT"
"11.14.1","Nikon Coolpix 4300","2024-05-05T14:21:56.386Z","User-r6Mwo","camera","camera","positive","1","AFFECTIVE-REACTION"
"11.15.1","Nikon Coolpix 4300","2024-05-05T14:21:56.386Z","User-r6Mwo","other","other","neutral","0","STATEMENT"
"11.16.1","Nikon Coolpix 4300","2024-05-05T14:21:56.386Z","User-r6Mwo","other","other","positive","1","STATEMENT"
"11.17.1","Nikon Coolpix 4300","2024-05-05T14:21:56.386Z","User-r6Mwo","camera","camera","positive","1","AFFECTIVE-REACTION"
"11.17.2","Nikon Coolpix 4300","2024-05-05T14:21:56.386Z","User-r6Mwo","investment","investment","positive","1","AFFECTIVE-REACTION"
"12.1.1","Nikon Coolpix 4300","2024-05-26T11:54:05.829Z","User-AzN11","other","other","neutral","0","STATEMENT"
"12.2.1","Nikon Coolpix 4300","2024-05-26T11:54:05.829Z","User-AzN11","use","usability","positive","1","AFFECTIVE-REACTION"
"12.2.2","Nikon Coolpix 4300","2024-05-26T11:54:05.829Z","User-AzN11","quality","quality","positive","1","AFFECTIVE-REACTION"
"12.2.3","Nikon Coolpix 4300","2024-05-26T11:54:05.829Z","User-AzN11","size","size","positive","1","AFFECTIVE-REACTION"
"12.3.1","Nikon Coolpix 4300","2024-05-26T11:54:05.829Z","User-AzN11","battery","battery","positive","1","STATEMENT"
"12.3.2","Nikon Coolpix 4300","2024-05-26T11:54:05.829Z","User-AzN11","memory card","memory card","positive","1","STATEMENT"
"12.4.1","Nikon Coolpix 4300","2024-05-26T11:54:05.829Z","User-AzN11","auto settings","auto settings","positive","1","STATEMENT"
"12.5.1","Nikon Coolpix 4300","2024-05-26T11:54:05.829Z","User-AzN11","nikon coolpix 4300","camera","positive","1","STATEMENT"
"13.1.1","Nikon Coolpix 4300","2024-05-17T17:11:24.385Z","User-fza05","nikon coolpix 4300","camera","neutral","0","STATEMENT"
"13.2.1","Nikon Coolpix 4300","2024-05-17T17:11:24.385Z","User-fza05","camera","camera","positive","1","AFFECTIVE-REACTION"
"13.3.1","Nikon Coolpix 4300","2024-05-17T17:11:24.385Z","User-fza05","picture quality","pictures","positive","1","AFFECTIVE-REACTION"
"13.3.2","Nikon Coolpix 4300","2024-05-17T17:11:24.385Z","User-fza05","use","usability","positive","1","AFFECTIVE-REACTION"
"13.4.1","Nikon Coolpix 4300","2024-05-17T17:11:24.385Z","User-fza05","pics","pictures","negative","-1","AFFECTIVE-REACTION"
"13.5.1","Nikon Coolpix 4300","2024-05-17T17:11:24.385Z","User-fza05","lcd","lcd","negative","-1","AFFECTIVE-REACTION"
"13.6.1","Nikon Coolpix 4300","2024-05-17T17:11:24.385Z","User-fza05","download speed","download speed","positive","1","AFFECTIVE-REACTION"
"13.7.1","Nikon Coolpix 4300","2024-05-17T17:11:24.385Z","User-fza05","control","control","positive","1","AFFECTIVE-REACTION"
"13.8.1","Nikon Coolpix 4300","2024-05-17T17:11:24.385Z","User-fza05","camera","camera","positive","1","AFFECTIVE-REACTION"
"14.1.1","Nikon Coolpix 4300","2024-05-15T21:58:04.263Z","User-HwN02","camera","camera","positive","1","SENTIMENT"
"14.2.1","Nikon Coolpix 4300","2024-05-15T21:58:04.263Z","User-HwN02","size","size","positive","1","AFFECTIVE-REACTION"
"14.2.2","Nikon Coolpix 4300","2024-05-15T21:58:04.263Z","User-HwN02","image quality","pictures","positive","1","STATEMENT"
"14.3.1","Nikon Coolpix 4300","2024-05-15T21:58:04.263Z","User-HwN02","settings","settings","negative","-1","STATEMENT"
"14.4.1","Nikon Coolpix 4300","2024-05-15T21:58:04.263Z","User-HwN02","picture","pictures","positive","1","STATEMENT"
"14.4.2","Nikon Coolpix 4300","2024-05-15T21:58:04.263Z","User-HwN02","image quality","pictures","positive","1","AFFECTIVE-REACTION"
"14.5.1","Nikon Coolpix 4300","2024-05-15T21:58:04.263Z","User-HwN02","zoomed image","zoom","positive","1","AFFECTIVE-REACTION"
"14.6.1","Nikon Coolpix 4300","2024-05-15T21:58:04.263Z","User-HwN02","memory card","memory card","positive","1","STATEMENT"
"14.7.1","Nikon Coolpix 4300","2024-05-15T21:58:04.263Z","User-HwN02","image quality","pictures","negative","-1","STATEMENT"
"14.8.1","Nikon Coolpix 4300","2024-05-15T21:58:04.263Z","User-HwN02","camera","camera","positive","1","AFFECTIVE-REACTION"
"15.1.1","Nikon Coolpix 4300","2024-05-05T05:49:14.143Z","User-jlOgx","camera","camera","positive","1","AFFECTIVE-REACTION"
"15.2.1","Nikon Coolpix 4300","2024-05-05T05:49:14.143Z","User-jlOgx","other","other","neutral","0","STATEMENT"
"15.3.1","Nikon Coolpix 4300","2024-05-05T05:49:14.143Z","User-jlOgx","camera","camera","positive","1","STATEMENT"
"15.4.1","Nikon Coolpix 4300","2024-05-05T05:49:14.143Z","User-jlOgx","4 mp","4 mp","neutral","0","STATEMENT"
"15.4.2","Nikon Coolpix 4300","2024-05-05T05:49:14.143Z","User-jlOgx","cost","price","negative","-1","AFFECTIVE-REACTION"
"15.4.3","Nikon Coolpix 4300","2024-05-05T05:49:14.143Z","User-jlOgx","optical zoom","zoom","negative","-1","AFFECTIVE-REACTION"
"15.4.4","Nikon Coolpix 4300","2024-05-05T05:49:14.143Z","User-jlOgx","quality reputation","quality reputation","negative","-1","AFFECTIVE-REACTION"
"15.4.5","Nikon Coolpix 4300","2024-05-05T05:49:14.143Z","User-jlOgx","package value","package value","positive","1","STATEMENT"
"15.5.1","Nikon Coolpix 4300","2024-05-05T05:49:14.143Z","User-jlOgx","picture","pictures","positive","1","STATEMENT"
"16.1.1","Nikon Coolpix 4300","2024-05-13T07:38:07.805Z","User-Ey72L","camera","camera","positive","1","SENTIMENT"
"16.2.1","Nikon Coolpix 4300","2024-05-13T07:38:07.805Z","User-Ey72L","software","software","positive","1","AFFECTIVE-REACTION"
"16.2.2","Nikon Coolpix 4300","2024-05-13T07:38:07.805Z","User-Ey72L","online service","online service","positive","1","AFFECTIVE-REACTION"
"16.2.3","Nikon Coolpix 4300","2024-05-13T07:38:07.805Z","User-Ey72L","photo quality","pictures","positive","1","AFFECTIVE-REACTION"
"16.3.1","Nikon Coolpix 4300","2024-05-13T07:38:07.805Z","User-Ey72L","camera","camera","positive","1","AFFECTIVE-REACTION"
"16.4.1","Nikon Coolpix 4300","2024-05-13T07:38:07.805Z","User-Ey72L","camera","camera","neutral","0","STATEMENT"
"16.5.1","Nikon Coolpix 4300","2024-05-13T07:38:07.805Z","User-Ey72L","camera","camera","neutral","0","STATEMENT"
"16.6.1","Nikon Coolpix 4300","2024-05-13T07:38:07.805Z","User-Ey72L","photo quality","pictures","positive","1","AFFECTIVE-REACTION"
"16.7.1","Nikon Coolpix 4300","2024-05-13T07:38:07.805Z","User-Ey72L","camera","camera","positive","1","STATEMENT"
"16.8.1","Nikon Coolpix 4300","2024-05-13T07:38:07.805Z","User-Ey72L","memory card","memory card","positive","1","AFFECTIVE-REACTION"
"16.9.1","Nikon Coolpix 4300","2024-05-13T07:38:07.805Z","User-Ey72L","other","other","positive","1","STATEMENT"
"16.10.1","Nikon Coolpix 4300","2024-05-13T07:38:07.805Z","User-Ey72L","memory card","memory card","positive","1","STATEMENT"
"16.11.1","Nikon Coolpix 4300","2024-05-13T07:38:07.805Z","User-Ey72L","camera","camera","positive","1","AFFECTIVE-REACTION"
"16.12.1","Nikon Coolpix 4300","2024-05-13T07:38:07.805Z","User-Ey72L","camera","camera","positive","1","STATEMENT"
"16.13.1","Nikon Coolpix 4300","2024-05-13T07:38:07.805Z","User-Ey72L","camera","camera","neutral","0","STATEMENT"
"17.1.1","Nikon Coolpix 4300","2024-05-31T14:17:25.192Z","User-PW0AY","camera","camera","positive","1","AFFECTIVE-REACTION"
"17.1.2","Nikon Coolpix 4300","2024-05-31T14:17:25.192Z","User-PW0AY","results","results","positive","1","AFFECTIVE-REACTION"
"17.1.3","Nikon Coolpix 4300","2024-05-31T14:17:25.192Z","User-PW0AY","usage","usage","positive","1","STATEMENT"
"18.1.1","Nikon Coolpix 4300","2024-05-26T11:10:46.273Z","User-zOnOv","camera","camera","neutral","0","STATEMENT"
"18.2.1","Nikon Coolpix 4300","2024-05-26T11:10:46.273Z","User-zOnOv","features","features","positive","1","AFFECTIVE-REACTION"
"18.3.1","Nikon Coolpix 4300","2024-05-26T11:10:46.273Z","User-zOnOv","usability","usability","positive","1","AFFECTIVE-REACTION"
"18.3.2","Nikon Coolpix 4300","2024-05-26T11:10:46.273Z","User-zOnOv","features","features","positive","1","STATEMENT"
"18.4.1","Nikon Coolpix 4300","2024-05-26T11:10:46.273Z","User-zOnOv","macro shots","macro shots","positive","1","STATEMENT"
"18.5.1","Nikon Coolpix 4300","2024-05-26T11:10:46.273Z","User-zOnOv","picture quality","pictures","positive","1","AFFECTIVE-REACTION"
"18.6.1","Nikon Coolpix 4300","2024-05-26T11:10:46.273Z","User-zOnOv","autofocus","auto focus","negative","-1","STATEMENT"
"18.7.1","Nikon Coolpix 4300","2024-05-26T11:10:46.273Z","User-zOnOv","autofocus","auto focus","neutral","0","STATEMENT"
"18.8.1","Nikon Coolpix 4300","2024-05-26T11:10:46.273Z","User-zOnOv","battery life","battery","neutral","0","STATEMENT"
"18.9.1","Nikon Coolpix 4300","2024-05-26T11:10:46.273Z","User-zOnOv","battery","battery","neutral","0","STATEMENT"
"18.9.2","Nikon Coolpix 4300","2024-05-26T11:10:46.273Z","User-zOnOv","storage","storage","positive","1","AFFECTIVE-REACTION"
"19.1.1","Nikon Coolpix 4300","2024-05-09T16:43:52.570Z","User-kHKUV","camera","camera","positive","1","AFFECTIVE-REACTION"
"19.2.1","Nikon Coolpix 4300","2024-05-09T16:43:52.570Z","User-kHKUV","usage","usage","neutral","0","STATEMENT"
"19.3.1","Nikon Coolpix 4300","2024-05-09T16:43:52.570Z","User-kHKUV","menus","menu","positive","1","AFFECTIVE-REACTION"
"19.4.1","Nikon Coolpix 4300","2024-05-09T16:43:52.570Z","User-kHKUV","quality","quality","positive","1","AFFECTIVE-REACTION"
"19.5.1","Nikon Coolpix 4300","2024-05-09T16:43:52.570Z","User-kHKUV","size","size","positive","1","AFFECTIVE-REACTION"
"19.5.2","Nikon Coolpix 4300","2024-05-09T16:43:52.570Z","User-kHKUV","comfort","comfort","negative","-1","AFFECTIVE-REACTION"
"20.1.1","Nikon Coolpix 4300","2024-05-30T21:36:16.504Z","User-lVxVo","model 880, 885","model 880, 885","positive","1","AFFECTIVE-REACTION"
"20.2.1","Nikon Coolpix 4300","2024-05-30T21:36:16.504Z","User-lVxVo","nikon","camera","positive","1","SENTIMENT"
"20.3.1","Nikon Coolpix 4300","2024-05-30T21:36:16.504Z","User-lVxVo","flash card","flash card","neutral","0","STATEMENT"
"20.4.1","Nikon Coolpix 4300","2024-05-30T21:36:16.504Z","User-lVxVo","256mb card","memory card","positive","1","STATEMENT"
"20.6.1","Nikon Coolpix 4300","2024-05-30T21:36:16.504Z","User-lVxVo","rechargeable battery","battery","negative","-1","STATEMENT"
"20.7.1","Nikon Coolpix 4300","2024-05-30T21:36:16.504Z","User-lVxVo","extra battery","battery","positive","1","STATEMENT"
"20.8.1","Nikon Coolpix 4300","2024-05-30T21:36:16.504Z","User-lVxVo","auto-focus assist light","auto focus","negative","-1","AFFECTIVE-REACTION"
"20.9.1","Nikon Coolpix 4300","2024-05-30T21:36:16.504Z","User-lVxVo","auto-focus assist light","auto focus","neutral","0","STATEMENT"
"20.10.1","Nikon Coolpix 4300","2024-05-30T21:36:16.504Z","User-lVxVo","3x optical zoom","zoom","neutral","0","STATEMENT"
"20.11.1","Nikon Coolpix 4300","2024-05-30T21:36:16.504Z","User-lVxVo","optical zoom","zoom","negative","-1","STATEMENT"
"20.12.1","Nikon Coolpix 4300","2024-05-30T21:36:16.504Z","User-lVxVo","digital zoom","zoom","negative","-1","STATEMENT"
"20.15.1","Nikon Coolpix 4300","2024-05-30T21:36:16.504Z","User-lVxVo","manual mode","manual mode","neutral","0","STATEMENT"
"20.16.1","Nikon Coolpix 4300","2024-05-30T21:36:16.504Z","User-lVxVo","drawbacks","drawbacks","positive","1","AFFECTIVE-REACTION"
"20.18.1","Nikon Coolpix 4300","2024-05-30T21:36:16.504Z","User-lVxVo","camera","camera","positive","1","AFFECTIVE-REACTION"
"20.19.1","Nikon Coolpix 4300","2024-05-30T21:36:16.504Z","User-lVxVo","durability","durability","positive","1","STATEMENT"
"20.20.1","Nikon Coolpix 4300","2024-05-30T21:36:16.504Z","User-lVxVo","macro shots","macro shots","positive","1","AFFECTIVE-REACTION"
"20.21.1","Nikon Coolpix 4300","2024-05-30T21:36:16.504Z","User-lVxVo","menus and features","menu","positive","1","AFFECTIVE-REACTION"
"21.1.1","Nikon Coolpix 4300","2024-05-05T10:31:16.883Z","User-lR7Ec","camera","camera","positive","1","STATEMENT"
"21.2.1","Nikon Coolpix 4300","2024-05-05T10:31:16.883Z","User-lR7Ec","pictures","pictures","positive","1","AFFECTIVE-REACTION"
"21.3.1","Nikon Coolpix 4300","2024-05-05T10:31:16.883Z","User-lR7Ec","camera","camera","positive","1","STATEMENT"
"21.4.1","Nikon Coolpix 4300","2024-05-05T10:31:16.883Z","User-lR7Ec","nikon 4300","camera","positive","1","AFFECTIVE-REACTION"
"22.1.1","Nikon Coolpix 4300","2024-05-07T06:16:28.634Z","User-L2dbh","brand","brand","positive","1","STATEMENT"
"22.2.1","Nikon Coolpix 4300","2024-05-07T06:16:28.634Z","User-L2dbh","camera","camera","neutral","0","STATEMENT"
"22.2.2","Nikon Coolpix 4300","2024-05-07T06:16:28.634Z","User-L2dbh","picture quality","pictures","positive","1","AFFECTIVE-REACTION"
"22.2.3","Nikon Coolpix 4300","2024-05-07T06:16:28.634Z","User-L2dbh","user-friendly functions","user-friendly functions","positive","1","AFFECTIVE-REACTION"
"22.3.1","Nikon Coolpix 4300","2024-05-07T06:16:28.634Z","User-L2dbh","txt file","txt file","positive","1","STATEMENT"
"22.4.1","Nikon Coolpix 4300","2024-05-07T06:16:28.634Z","User-L2dbh","compact digital camera","compact digital camera","positive","1","STATEMENT"
"22.5.1","Nikon Coolpix 4300","2024-05-07T06:16:28.634Z","User-L2dbh","flash card","flash card","positive","1","STATEMENT"
"22.6.1","Nikon Coolpix 4300","2024-05-07T06:16:28.634Z","User-L2dbh","time saving","time saving","positive","1","STATEMENT"
"22.7.1","Nikon Coolpix 4300","2024-05-07T06:16:28.634Z","User-L2dbh","battery","battery","positive","1","AFFECTIVE-REACTION"
"22.8.1","Nikon Coolpix 4300","2024-05-07T06:16:28.634Z","User-L2dbh","rechargeable","battery","positive","1","STATEMENT"
"22.9.1","Nikon Coolpix 4300","2024-05-07T06:16:28.634Z","User-L2dbh","storage capacity","storage capacity","negative","-1","AFFECTIVE-REACTION"
"22.10.1","Nikon Coolpix 4300","2024-05-07T06:16:28.634Z","User-L2dbh","expectation","expectation","negative","-1","STATEMENT"
"22.11.1","Nikon Coolpix 4300","2024-05-07T06:16:28.634Z","User-L2dbh","clarification","clarification","neutral","0","STATEMENT"
"22.12.1","Nikon Coolpix 4300","2024-05-07T06:16:28.634Z","User-L2dbh","nikon","camera","positive","1","SENTIMENT"
"23.1.1","Nikon Coolpix 4300","2024-05-20T14:43:34.792Z","User-AEjG2","camera","camera","positive","1","AFFECTIVE-REACTION"
"23.1.2","Nikon Coolpix 4300","2024-05-20T14:43:34.792Z","User-AEjG2","digital camera","digital camera","positive","1","STATEMENT"
"23.1.3","Nikon Coolpix 4300","2024-05-20T14:43:34.792Z","User-AEjG2","operating ease","operating ease","positive","1","STATEMENT"
"23.2.1","Nikon Coolpix 4300","2024-05-20T14:43:34.792Z","User-AEjG2","quality","quality","positive","1","SENTIMENT"
"23.2.2","Nikon Coolpix 4300","2024-05-20T14:43:34.792Z","User-AEjG2","versatility","versatility","positive","1","AFFECTIVE-REACTION"
"23.3.1","Nikon Coolpix 4300","2024-05-20T14:43:34.792Z","User-AEjG2","camera","camera","positive","1","STATEMENT"
"24.1.1","Nikon Coolpix 4300","2024-05-27T05:48:09.446Z","User-nl08C","budget","price","neutral","0","STATEMENT"
"24.1.2","Nikon Coolpix 4300","2024-05-27T05:48:09.446Z","User-nl08C","resolution","resolution","neutral","0","STATEMENT"
"24.1.3","Nikon Coolpix 4300","2024-05-27T05:48:09.446Z","User-nl08C","optical clarity and color","optics","neutral","0","STATEMENT"
"24.1.4","Nikon Coolpix 4300","2024-05-27T05:48:09.446Z","User-nl08C","shutter lag","shutter lag","negative","-1","AFFECTIVE-REACTION"
"24.1.5","Nikon Coolpix 4300","2024-05-27T05:48:09.446Z","User-nl08C","compact size","compact size","positive","1","STATEMENT"
"24.1.6","Nikon Coolpix 4300","2024-05-27T05:48:09.446Z","User-nl08C","camera grip","camera grip","positive","1","AFFECTIVE-REACTION"
"24.2.1","Nikon Coolpix 4300","2024-05-27T05:48:09.446Z","User-nl08C","research","research","neutral","0","STATEMENT"
"24.3.1","Nikon Coolpix 4300","2024-05-27T05:48:09.446Z","User-nl08C","nikon coolpix 4300","camera","positive","1","AFFECTIVE-REACTION"
"24.4.1","Nikon Coolpix 4300","2024-05-27T05:48:09.446Z","User-nl08C","camera","camera","positive","1","STATEMENT"
"24.5.1","Nikon Coolpix 4300","2024-05-27T05:48:09.446Z","User-nl08C","daylight pictures","daylight pictures","positive","1","AFFECTIVE-REACTION"
"24.5.2","Nikon Coolpix 4300","2024-05-27T05:48:09.446Z","User-nl08C","indoor shots","indoor shots","positive","1","AFFECTIVE-REACTION"
"24.6.1","Nikon Coolpix 4300","2024-05-27T05:48:09.446Z","User-nl08C","shutter lag","shutter lag","negative","-1","AFFECTIVE-REACTION"
"24.6.2","Nikon Coolpix 4300","2024-05-27T05:48:09.446Z","User-nl08C","next frame advance","next frame advance","positive","1","STATEMENT"
"24.7.1","Nikon Coolpix 4300","2024-05-27T05:48:09.446Z","User-nl08C","uploading images","uploading images","positive","1","AFFECTIVE-REACTION"
"24.8.1","Nikon Coolpix 4300","2024-05-27T05:48:09.446Z","User-nl08C","indoor shots","indoor shots","negative","-1","STATEMENT"
"24.9.1","Nikon Coolpix 4300","2024-05-27T05:48:09.446Z","User-nl08C","slave flash unit","slave flash unit","neutral","0","STATEMENT"
"24.10.1","Nikon Coolpix 4300","2024-05-27T05:48:09.446Z","User-nl08C","battery life","battery","negative","-1","STATEMENT"
"24.11.1","Nikon Coolpix 4300","2024-05-27T05:48:09.446Z","User-nl08C","outdoor shots","outdoor shots","neutral","0","STATEMENT"
"24.11.2","Nikon Coolpix 4300","2024-05-27T05:48:09.446Z","User-nl08C","battery","battery","negative","-1","STATEMENT"
"24.12.1","Nikon Coolpix 4300","2024-05-27T05:48:09.446Z","User-nl08C","back-up battery","back-up battery","positive","1","STATEMENT"
"24.13.1","Nikon Coolpix 4300","2024-05-27T05:48:09.446Z","User-nl08C","picture editing software","picture editing software","neutral","0","STATEMENT"
"24.14.1","Nikon Coolpix 4300","2024-05-27T05:48:09.446Z","User-nl08C","photosuite","photosuite","positive","1","STATEMENT"
"24.15.1","Nikon Coolpix 4300","2024-05-27T05:48:09.446Z","User-nl08C","indoor shots","indoor shots","negative","-1","AFFECTIVE-REACTION"
"24.16.1","Nikon Coolpix 4300","2024-05-27T05:48:09.446Z","User-nl08C","focusing","focusing","positive","1","AFFECTIVE-REACTION"
"24.17.1","Nikon Coolpix 4300","2024-05-27T05:48:09.446Z","User-nl08C","camera","camera","positive","1","SENTIMENT"
"24.18.1","Nikon Coolpix 4300","2024-05-27T05:48:09.446Z","User-nl08C","camera","camera","positive","1","SENTIMENT"
"24.19.1","Nikon Coolpix 4300","2024-05-27T05:48:09.446Z","User-nl08C","accessories","accessories","positive","1","STATEMENT"
"24.20.1","Nikon Coolpix 4300","2024-05-27T05:48:09.446Z","User-nl08C","digi-slave dsf-1s flash unit","digi-slave dsf-1s flash unit","positive","1","STATEMENT"
"24.21.1","Nikon Coolpix 4300","2024-05-27T05:48:09.446Z","User-nl08C","bracket","bracket","neutral","0","STATEMENT"
"24.22.1","Nikon Coolpix 4300","2024-05-27T05:48:09.446Z","User-nl08C","adapter","adapter","neutral","0","STATEMENT"
"24.22.2","Nikon Coolpix 4300","2024-05-27T05:48:09.446Z","User-nl08C","lens cap","lens","neutral","0","STATEMENT"
"24.22.3","Nikon Coolpix 4300","2024-05-27T05:48:09.446Z","User-nl08C","filter set","filter set","positive","1","STATEMENT"
"24.23.1","Nikon Coolpix 4300","2024-05-27T05:48:09.446Z","User-nl08C","protection","protection","neutral","0","STATEMENT"
"24.23.2","Nikon Coolpix 4300","2024-05-27T05:48:09.446Z","User-nl08C","filters","filters","positive","1","STATEMENT"
"24.24.1","Nikon Coolpix 4300","2024-05-27T05:48:09.446Z","User-nl08C","adapter","adapter","neutral","0","STATEMENT"
"24.25.1","Nikon Coolpix 4300","2024-05-27T05:48:09.446Z","User-nl08C","camera","camera","positive","1","STATEMENT"
"24.26.1","Nikon Coolpix 4300","2024-05-27T05:48:09.446Z","User-nl08C","photography","pictures","neutral","0","STATEMENT"
"24.26.2","Nikon Coolpix 4300","2024-05-27T05:48:09.446Z","User-nl08C","case fit","case fit","neutral","0","STATEMENT"
"24.26.3","Nikon Coolpix 4300","2024-05-27T05:48:09.446Z","User-nl08C","filters","filters","negative","-1","AFFECTIVE-REACTION"
"25.1.1","Nikon Coolpix 4300","2024-05-31T23:17:20.050Z","User-Di2hl","camera","camera","positive","1","AFFECTIVE-REACTION"
"25.2.1","Nikon Coolpix 4300","2024-05-31T23:17:20.050Z","User-Di2hl","camera","camera","positive","1","AFFECTIVE-REACTION"
"25.3.1","Nikon Coolpix 4300","2024-05-31T23:17:20.050Z","User-Di2hl","pictures","pictures","positive","1","AFFECTIVE-REACTION"
"25.4.1","Nikon Coolpix 4300","2024-05-31T23:17:20.050Z","User-Di2hl","manual","manual","positive","1","AFFECTIVE-REACTION"
"25.4.2","Nikon Coolpix 4300","2024-05-31T23:17:20.050Z","User-Di2hl","usability","usability","positive","1","AFFECTIVE-REACTION"
"25.5.1","Nikon Coolpix 4300","2024-05-31T23:17:20.050Z","User-Di2hl","size","size","positive","1","STATEMENT"
"25.6.1","Nikon Coolpix 4300","2024-05-31T23:17:20.050Z","User-Di2hl","quick pictures","quick pictures","negative","-1","STATEMENT"
"25.7.1","Nikon Coolpix 4300","2024-05-31T23:17:20.050Z","User-Di2hl","manual","manual","negative","-1","STATEMENT"
"26.1.1","Nikon Coolpix 4300","2024-05-30T04:17:26.872Z","User-UVhbl","rating","rating","neutral","0","STATEMENT"
"26.2.1","Nikon Coolpix 4300","2024-05-30T04:17:26.872Z","User-UVhbl","camera","camera","positive","1","STATEMENT"
"26.3.1","Nikon Coolpix 4300","2024-05-30T04:17:26.872Z","User-UVhbl","camera","camera","positive","1","STATEMENT"
"26.4.1","Nikon Coolpix 4300","2024-05-30T04:17:26.872Z","User-UVhbl","camera","camera","positive","1","STATEMENT"
"26.5.1","Nikon Coolpix 4300","2024-05-30T04:17:26.872Z","User-UVhbl","camera","camera","positive","1","AFFECTIVE-REACTION"
"26.6.1","Nikon Coolpix 4300","2024-05-30T04:17:26.872Z","User-UVhbl","autofocus","auto focus","neutral","0","STATEMENT"
"26.6.2","Nikon Coolpix 4300","2024-05-30T04:17:26.872Z","User-UVhbl","scene mode","scene mode","positive","1","STATEMENT"
"26.7.1","Nikon Coolpix 4300","2024-05-30T04:17:26.872Z","User-UVhbl","accessory","accessories","positive","1","STATEMENT"
"26.8.1","Nikon Coolpix 4300","2024-05-30T04:17:26.872Z","User-UVhbl","camera","camera","positive","1","STATEMENT"
"27.1.1","Nikon Coolpix 4300","2024-05-02T10:47:08.144Z","User-Ioxc0","camera","camera","neutral","0","STATEMENT"
"27.2.1","Nikon Coolpix 4300","2024-05-02T10:47:08.144Z","User-Ioxc0","camera","camera","positive","1","STATEMENT"
"27.3.1","Nikon Coolpix 4300","2024-05-02T10:47:08.144Z","User-Ioxc0","purchase","price","positive","1","AFFECTIVE-REACTION"
"27.4.1","Nikon Coolpix 4300","2024-05-02T10:47:08.144Z","User-Ioxc0","picture quality","pictures","positive","1","STATEMENT"
"27.5.1","Nikon Coolpix 4300","2024-05-02T10:47:08.144Z","User-Ioxc0","indoor shots","indoor shots","negative","-1","AFFECTIVE-REACTION"
"27.6.1","Nikon Coolpix 4300","2024-05-02T10:47:08.144Z","User-Ioxc0","convenience","convenience","positive","1","STATEMENT"
"27.7.1","Nikon Coolpix 4300","2024-05-02T10:47:08.144Z","User-Ioxc0","camera","camera","positive","1","AFFECTIVE-REACTION"
"27.8.1","Nikon Coolpix 4300","2024-05-02T10:47:08.144Z","User-Ioxc0","purchase","price","neutral","0","STATEMENT"
"27.9.1","Nikon Coolpix 4300","2024-05-02T10:47:08.144Z","User-Ioxc0","battery life","battery","positive","1","STATEMENT"
"27.10.1","Nikon Coolpix 4300","2024-05-02T10:47:08.144Z","User-Ioxc0","storage","storage","negative","-1","STATEMENT"
"27.11.1","Nikon Coolpix 4300","2024-05-02T10:47:08.144Z","User-Ioxc0","storage","storage","neutral","0","STATEMENT"
"27.12.1","Nikon Coolpix 4300","2024-05-02T10:47:08.144Z","User-Ioxc0","controls","controls","negative","-1","STATEMENT"
"27.14.1","Nikon Coolpix 4300","2024-05-02T10:47:08.144Z","User-Ioxc0","regular mode","regular mode","positive","1","STATEMENT"
"27.15.1","Nikon Coolpix 4300","2024-05-02T10:47:08.144Z","User-Ioxc0","scene mode","scene mode","positive","1","STATEMENT"
"27.16.1","Nikon Coolpix 4300","2024-05-02T10:47:08.144Z","User-Ioxc0","optical zoom","zoom","negative","-1","AFFECTIVE-REACTION"
"27.17.1","Nikon Coolpix 4300","2024-05-02T10:47:08.144Z","User-Ioxc0","optical setting","optics","positive","1","STATEMENT"
"27.18.1","Nikon Coolpix 4300","2024-05-02T10:47:08.144Z","User-Ioxc0","camera","camera","positive","1","STATEMENT"
"28.1.1","Nikon Coolpix 4300","2024-05-15T07:58:45.813Z","User-UbXPh","camera","camera","positive","1","AFFECTIVE-REACTION"
"28.2.1","Nikon Coolpix 4300","2024-05-15T07:58:45.813Z","User-UbXPh","picture quality","pictures","positive","1","AFFECTIVE-REACTION"
"28.3.1","Nikon Coolpix 4300","2024-05-15T07:58:45.813Z","User-UbXPh","nikon","camera","positive","1","AFFECTIVE-REACTION"
"28.4.1","Nikon Coolpix 4300","2024-05-15T07:58:45.813Z","User-UbXPh","accessory","accessories","positive","1","AFFECTIVE-REACTION"
"28.5.1","Nikon Coolpix 4300","2024-05-15T07:58:45.813Z","User-UbXPh","picture quality","pictures","positive","1","AFFECTIVE-REACTION"
"28.6.1","Nikon Coolpix 4300","2024-05-15T07:58:45.813Z","User-UbXPh","design","design","positive","1","AFFECTIVE-REACTION"
"28.6.2","Nikon Coolpix 4300","2024-05-15T07:58:45.813Z","User-UbXPh","construction","construction","positive","1","AFFECTIVE-REACTION"
"28.6.3","Nikon Coolpix 4300","2024-05-15T07:58:45.813Z","User-UbXPh","nikon optics","optics","negative","-1","AFFECTIVE-REACTION"
"28.7.1","Nikon Coolpix 4300","2024-05-15T07:58:45.813Z","User-UbXPh","other","other","neutral","0","STATEMENT"
"28.8.1","Nikon Coolpix 4300","2024-05-15T07:58:45.813Z","User-UbXPh","camera","camera","positive","1","STATEMENT"
"29.1.1","Nikon Coolpix 4300","2024-05-05T22:58:40.455Z","User-NuOxz","camera","camera","neutral","0","STATEMENT"
"29.2.1","Nikon Coolpix 4300","2024-05-05T22:58:40.455Z","User-NuOxz","camera","camera","positive","1","AFFECTIVE-REACTION"
"30.1.1","Nikon Coolpix 4300","2024-05-27T19:57:01.312Z","User-lvAIo","camera","camera","positive","1","SENTIMENT"
"30.2.1","Nikon Coolpix 4300","2024-05-27T19:57:01.312Z","User-lvAIo","picture","pictures","positive","1","STATEMENT"
"30.3.1","Nikon Coolpix 4300","2024-05-27T19:57:01.312Z","User-lvAIo","picture","pictures","positive","1","STATEMENT"
"30.4.1","Nikon Coolpix 4300","2024-05-27T19:57:01.312Z","User-lvAIo","camera","camera","positive","1","AFFECTIVE-REACTION"
"30.5.1","Nikon Coolpix 4300","2024-05-27T19:57:01.312Z","User-lvAIo","picture quality","pictures","positive","1","AFFECTIVE-REACTION"
"30.5.2","Nikon Coolpix 4300","2024-05-27T19:57:01.312Z","User-lvAIo","movie","movie","positive","1","AFFECTIVE-REACTION"
"30.6.1","Nikon Coolpix 4300","2024-05-27T19:57:01.312Z","User-lvAIo","connection","connection","neutral","0","STATEMENT"
"30.7.1","Nikon Coolpix 4300","2024-05-27T19:57:01.312Z","User-lvAIo","other","other","neutral","0","STATEMENT"
"30.8.1","Nikon Coolpix 4300","2024-05-27T19:57:01.312Z","User-lvAIo","connection","connection","positive","1","AFFECTIVE-REACTION"
"30.9.1","Nikon Coolpix 4300","2024-05-27T19:57:01.312Z","User-lvAIo","lense cap","lens","positive","1","AFFECTIVE-REACTION"
"30.10.1","Nikon Coolpix 4300","2024-05-27T19:57:01.312Z","User-lvAIo","battery","battery","positive","1","AFFECTIVE-REACTION"
"30.11.1","Nikon Coolpix 4300","2024-05-27T19:57:01.312Z","User-lvAIo","camera","camera","positive","1","AFFECTIVE-REACTION"
"31.1.1","Nikon Coolpix 4300","2024-05-29T23:27:15.491Z","User-PoIJS","camera","camera","positive","1","STATEMENT"
"31.2.1","Nikon Coolpix 4300","2024-05-29T23:27:15.491Z","User-PoIJS","ease of use","usability","positive","1","AFFECTIVE-REACTION"
"31.2.2","Nikon Coolpix 4300","2024-05-29T23:27:15.491Z","User-PoIJS","features","features","positive","1","SENTIMENT"
"31.3.1","Nikon Coolpix 4300","2024-05-29T23:27:15.491Z","User-PoIJS","weight","weight","positive","1","AFFECTIVE-REACTION"
"31.3.2","Nikon Coolpix 4300","2024-05-29T23:27:15.491Z","User-PoIJS","picture","pictures","positive","1","AFFECTIVE-REACTION"
"31.4.1","Nikon Coolpix 4300","2024-05-29T23:27:15.491Z","User-PoIJS","continuous shot mode","continuous shot mode","positive","1","SENTIMENT"
"31.5.1","Nikon Coolpix 4300","2024-05-29T23:27:15.491Z","User-PoIJS","photo quality","pictures","positive","1","SENTIMENT"
"31.6.1","Nikon Coolpix 4300","2024-05-29T23:27:15.491Z","User-PoIJS","8mb card","memory card","negative","-1","AFFECTIVE-REACTION"
"31.7.1","Nikon Coolpix 4300","2024-05-29T23:27:15.491Z","User-PoIJS","8mb","memory card","negative","-1","STATEMENT"
"31.8.1","Nikon Coolpix 4300","2024-05-29T23:27:15.491Z","User-PoIJS","memory card","memory card","positive","1","AFFECTIVE-REACTION"
"31.9.1","Nikon Coolpix 4300","2024-05-29T23:27:15.491Z","User-PoIJS","memory card","memory card","neutral","0","STATEMENT"
"32.1.1","Nikon Coolpix 4300","2024-05-01T18:56:57.433Z","User-1frT6","camera","camera","positive","1","STATEMENT"
"32.2.1","Nikon Coolpix 4300","2024-05-01T18:56:57.433Z","User-1frT6","camera","camera","positive","1","STATEMENT"
"32.3.1","Nikon Coolpix 4300","2024-05-01T18:56:57.433Z","User-1frT6","feature","feature","positive","1","AFFECTIVE-REACTION"
"32.4.1","Nikon Coolpix 4300","2024-05-01T18:56:57.433Z","User-1frT6","use","usability","positive","1","AFFECTIVE-REACTION"
"32.5.1","Nikon Coolpix 4300","2024-05-01T18:56:57.433Z","User-1frT6","size","size","positive","1","AFFECTIVE-REACTION"
"32.6.1","Nikon Coolpix 4300","2024-05-01T18:56:57.433Z","User-1frT6","optical zoom","zoom","positive","1","STATEMENT"
"32.7.1","Nikon Coolpix 4300","2024-05-01T18:56:57.433Z","User-1frT6","memory card","memory card","positive","1","STATEMENT"
"32.8.1","Nikon Coolpix 4300","2024-05-01T18:56:57.433Z","User-1frT6","support","support","positive","1","AFFECTIVE-REACTION"
"32.9.1","Nikon Coolpix 4300","2024-05-01T18:56:57.433Z","User-1frT6","picture quality","pictures","positive","1","AFFECTIVE-REACTION"
"32.10.1","Nikon Coolpix 4300","2024-05-01T18:56:57.433Z","User-1frT6","battery life","battery","positive","1","AFFECTIVE-REACTION"
"32.11.1","Nikon Coolpix 4300","2024-05-01T18:56:57.433Z","User-1frT6","zoom","zoom","positive","1","AFFECTIVE-REACTION"
"32.12.1","Nikon Coolpix 4300","2024-05-01T18:56:57.433Z","User-1frT6","price","price","positive","1","AFFECTIVE-REACTION"
"32.13.1","Nikon Coolpix 4300","2024-05-01T18:56:57.433Z","User-1frT6","camera","camera","negative","-1","STATEMENT"
"32.14.1","Nikon Coolpix 4300","2024-05-01T18:56:57.433Z","User-1frT6","firewire","firewire","negative","-1","AFFECTIVE-REACTION"
"32.15.1","Nikon Coolpix 4300","2024-05-01T18:56:57.433Z","User-1frT6","usb","usb","positive","1","STATEMENT"
"32.16.1","Nikon Coolpix 4300","2024-05-01T18:56:57.433Z","User-1frT6","viewfinder","viewfinder","negative","-1","STATEMENT"
"32.18.1","Nikon Coolpix 4300","2024-05-01T18:56:57.433Z","User-1frT6","viewfinder","viewfinder","positive","1","STATEMENT"
"32.19.1","Nikon Coolpix 4300","2024-05-01T18:56:57.433Z","User-1frT6","viewfinder","viewfinder","neutral","0","STATEMENT"
"32.20.1","Nikon Coolpix 4300","2024-05-01T18:56:57.433Z","User-1frT6","battery","battery","negative","-1","STATEMENT"
"32.21.1","Nikon Coolpix 4300","2024-05-01T18:56:57.433Z","User-1frT6","adapter","adapter","negative","-1","STATEMENT"
"32.22.1","Nikon Coolpix 4300","2024-05-01T18:56:57.433Z","User-1frT6","adapter","adapter","negative","-1","STATEMENT"
"32.23.1","Nikon Coolpix 4300","2024-05-01T18:56:57.433Z","User-1frT6","camera","camera","neutral","0","STATEMENT"
"33.1.1","Nikon Coolpix 4300","2024-05-18T17:02:01.644Z","User-NiSg4","other","other","neutral","0","STATEMENT"
"33.2.1","Nikon Coolpix 4300","2024-05-18T17:02:01.644Z","User-NiSg4","image","pictures","positive","1","AFFECTIVE-REACTION"
"33.3.1","Nikon Coolpix 4300","2024-05-18T17:02:01.644Z","User-NiSg4","auto mode","auto mode","positive","1","AFFECTIVE-REACTION"
"33.3.2","Nikon Coolpix 4300","2024-05-18T17:02:01.644Z","User-NiSg4","scene mode","scene mode","positive","1","STATEMENT"
"33.3.3","Nikon Coolpix 4300","2024-05-18T17:02:01.644Z","User-NiSg4","manual mode","manual mode","positive","1","STATEMENT"
"33.4.1","Nikon Coolpix 4300","2024-05-18T17:02:01.644Z","User-NiSg4","size","size","positive","1","AFFECTIVE-REACTION"
"33.5.1","Nikon Coolpix 4300","2024-05-18T17:02:01.644Z","User-NiSg4","camera","camera","positive","1","AFFECTIVE-REACTION"
"34.1.1","Nikon Coolpix 4300","2024-05-17T14:26:27.325Z","User-hhfWq","camera","camera","positive","1","AFFECTIVE-REACTION"
"34.2.1","Nikon Coolpix 4300","2024-05-17T14:26:27.325Z","User-hhfWq","camera chip","camera chip","neutral","0","STATEMENT"
"34.2.2","Nikon Coolpix 4300","2024-05-17T14:26:27.325Z","User-hhfWq","zoom","zoom","neutral","0","STATEMENT"
"34.2.3","Nikon Coolpix 4300","2024-05-17T14:26:27.325Z","User-hhfWq","closeup mode","closeup mode","positive","1","AFFECTIVE-REACTION"
"34.2.4","Nikon Coolpix 4300","2024-05-17T14:26:27.325Z","User-hhfWq","battery","battery","positive","1","AFFECTIVE-REACTION"
"34.3.1","Nikon Coolpix 4300","2024-05-17T14:26:27.325Z","User-hhfWq","camera","camera","neutral","0","STATEMENT"
"34.3.2","Nikon Coolpix 4300","2024-05-17T14:26:27.325Z","User-hhfWq","usability","usability","positive","1","AFFECTIVE-REACTION"
"34.3.3","Nikon Coolpix 4300","2024-05-17T14:26:27.325Z","User-hhfWq","size","size","positive","1","AFFECTIVE-REACTION"
"34.3.4","Nikon Coolpix 4300","2024-05-17T14:26:27.325Z","User-hhfWq","image quality","pictures","positive","1","AFFECTIVE-REACTION"
